product_strength_code,product_strength_description
2736,"1 mcg/mL"
2737,"1 mcg-0.1 mg-0.025 mg-1.0 mg/mL"
2738,"1 mcg-0.1 mg-0.03 mg-0.5 mg/mL"
2739,"1 mg"
2740,"1 mg/0.5 mL"
2741,"1 mg/5 mL"
2742,"1 mg/mL"
2743,"1 mg-20 mg-2 mg/mL"
2744,"1 mg-3.5 mg/g"
2745,"1 mg-3.5 mg-10000 units/g"
2746,"1 mg-3.5 mg-10000 units/mL"
2747,"1 mg-5 mg-15 mg"
2748,"1 mg-5 mg-15 mg/5 mL"
2749,"1 mg-5 mg-6.25 mg"
2750,"1 mg-6.25 mg"
2751,"1 mg-6.25 mg/5 mL"
2752,"1 mg-7.5 mg-15 mg/5 mL"
2753,"1 tuberculin units/0.1 mL"
2754,"1%-0.25%"
2755,"1%-0.35%-10000 units/mL"
2756,"1%-0.5%"
2757,"1%-0.5%-0.5%"
2758,"1%-1%"
2759,"1%-12.5%"
2760,"1%-2%"
2761,"1%-3%"
2762,"1%-4%"
2763,"1%-6%"
2764,"1.05 g"
2765,"1.07 mg/mL"
2766,"1.2 g"
2767,"1.25 g/5 mL"
2768,"1.25 mg"
2769,"1.25 mg/mL"
2771,"1.25 mg-10 mg"
2772,"1.25 mg-2.5 mg"
2773,"1.3 mg"
2774,"1.3 mg-6.7 mg-8.3 mg/5 mL"
2775,"1.34 mg"
2776,"1.5 g"
2777,"1.5 g/50 mL"
2778,"1.5 g-125 units-54 mg"
2779,"1.5 mEq/mL"
2780,"1.5 mg"
2781,"1.5 mg/g"
2782,"1.5 mg/mL"
2783,"1.5 mg-5 mg"
2784,"1.5 mg-5 mg/5 mL"
2785,"1.5%-0.5%"
2786,"1.57 mg/mL"
2787,"1.65 g/2.5 g"
2788,"1.66 mg-5 mg/5 mL"
2789,"1.66 mg-5 mg-8.33 mg/5 mL"
2790,"1.7 g"
2791,"1.75 mg/inh"
2792,"1.8 g/5 mL"
2793,"1:100"
2794,"1:1000"
2795,"1:100000-1%"
2796,"1:100000-2%"
2797,"1:200000-0.5%"
2798,"1:200000-1%"
2799,"1:200000-1.5%"
2800,"1:200000-2%"
2801,"1:200000-4%"
2802,"1:50000-2%"
2803,"10 g"
2804,"10 g/1000 mL"
2805,"10 g/15 mL"
2806,"10 g/500 mL"
2807,"10 g-5 g"
2808,"10 intl units/mL"
2809,"10 mcg"
2810,"10 mcg/inh"
2811,"10 mcg/mL"
2812,"10 mEq"
2813,"10 mEq/100 mL"
2814,"10 mg"
2815,"10 mg/16 hr"
2816,"10 mg/5 mL"
2817,"10 mg/mL"
2818,"10 mg-0.07%"
2819,"10 mg-10 mg"
2820,"10 mg-100 mg"
2821,"10 mg-100 mg/5 mL"
2822,"10 mg-100 mg-12.5 mg/5 mL"
2824,"10 mg-100 mg-30 mg"
2825,"10 mg-100 mg-30 mg/5 mL"
2826,"10 mg-100 mg-5 mg/5 mL"
2827,"10 mg-100 mg-9 mg/5 mL"
2828,"10 mg-12.5 mg/5 mL"
2829,"10 mg-13.33 mg-4.17 mg-83.3 mg/5 mL"
2830,"10 mg-150 mg/5 mL"
2831,"10 mg-2 mg"
2832,"10 mg-2.5 mg"
2833,"10 mg-20 mg/5 mL"
2834,"10 mg-20 mg-10 mg/mL"
2835,"10 mg-200 mg"
2836,"10 mg-200 mg/5 mL"
2837,"10 mg-200 mg-12.5 mg/5 mL"
2838,"10 mg-200 mg-30 mg"
2839,"10 mg-30 mg-1.25 mg/5 mL"
2840,"10 mg-300 mg"
2841,"10 mg-4 mg"
2842,"10 mg-5 mg-10,000 units/g"
2843,"10 mg-5 mg-10.5 mg"
2844,"10 mg-5 mg-6.25 mg/5 mL"
2845,"10 mg-5 mg-8.33 mg/5 mL"
2846,"10 mg-6.25 mg/5 mL"
2847,"10 mg-65 mg"
2848,"10 mg-75 mg"
2849,"10 units/mL"
2850,"10%-0.3%"
2851,"10%-0.9%"
2852,"10%-10%"
2853,"10%-5%"
2854,"10%-50%"
2855,"10.0 mcg-1 mg-0.5 mg-5 mg/mL"
2856,"10.8 mg"
2857,"10.8 units"
2858,"10.8%-4.7%"
2859,"100 g/180 mL"
2860,"100 intl units"
2861,"100 mcg"
2862,"100 mcg/hr"
2863,"100 mcg/inh"
2864,"100 mcg/mL"
2865,"100 mg"
2866,"100 mg/100 mL-0.9%"
2867,"100 mg/15 mL"
2868,"100 mg/17 mL"
2870,"100 mg/30 mL"
2871,"100 mg/50 mL-0.9%"
2872,"100 mg/60 mL"
2873,"100 mg/mL"
2874,"100 mg-1 mg"
2875,"100 mg-1 mg/5 mL"
2876,"100 mg-1 mg-0.125 mg-30 mg"
2877,"100 mg-1%"
2878,"100 mg-100 mg"
2879,"100 mg-100 mg/15 mL"
2880,"100 mg-150 mg"
2881,"100 mg-16 mg-200 mg-16 mg"
2882,"100 mg-16 mg-200 mg-16 mg/10 mL"
2883,"100 mg-2 mg"
2884,"100 mg-2 mg-0.125 mg-60 mg"
2885,"100 mg-2 mg-10 mg/5 mL"
2886,"100 mg-2%"
2887,"100 mg-2.5 mg-30 mg/5 mL"
2888,"100 mg-25 mg"
2889,"100 mg-300 mg/15 mL"
2890,"100 mg-5 mg/5 mL"
2891,"100 mg-5 mg-20 mg/5 mL"
2892,"100 mg-500 mg"
2893,"100 mg-60 mg"
2894,"100 mg-65 mg"
2895,"100 units"
2896,"100 units/mL"
2897,"1000 intl units"
2898,"1000 mcg"
2899,"1000 mcg/mL"
2900,"1000 mg"
2901,"1000 mg-30 mg-12.5 mg-60 mg"
2902,"1000 mg-30 mg-60 mg"
2903,"1000 mg-30 mg-7.5 mg-60 mg/30 mL"
2904,"1000 mg-4 mg-30 mg-30 mg"
2906,"1000 mg-4 mg-30 mg-60 mg"
2907,"1000 mg-4 mg-60 mg"
2908,"1000 mg-50 mg-60 mg"
2909,"1000 units"
2910,"1000 units/mL"
2911,"10000 intl units"
2912,"10000 Kallikrein inhibitor units/mL"
2913,"10000 units"
2914,"10000 units/0.5 mL"
2915,"10000 units/100 mL-0.45%"
2916,"10000 units/mL"
2917,"10000 units-1 mg/mL"
2918,"100000 units"
2919,"100000 units/g-0.1%"
2920,"1000000 units"
2922,"10000000 intl units"
2924,"1000000000 units"
2925,"103 mcg-18 mcg/inh"
2926,"105 mg"
2927,"105 mg/5 mL"
2928,"106.5 mg-1 mg"
2929,"108 mcg/inh"
2930,"108.3 mg-5 mg-10 mg-8.3 mg/5 mL"
2931,"1080 mg-30 mg"
2932,"1080 mg-40 mg/5 mL"
2933,"11 mg/24 hr"
2934,"11.25 mg"
2935,"110 mcg/inh"
2936,"110 mg"
2937,"111 mg-100 mg"
2938,"115 mg-210 mg-16 mg-65 mg"
2939,"117 mg-133 intl units"
2940,"118 mcg/mL"
2941,"12 g"
2942,"12 mg"
2943,"12 mg-120 mg"
2944,"12 mg-15 mg-15 mg"
2945,"12 mg-75 mg"
2946,"12%-1%"
2947,"12.5 g"
2948,"12.5 mg"
2949,"12.5 mg/4 mL"
2950,"12.5 mg/5 mL"
2951,"12.5 mg/mL"
2952,"12.5 mg-10 mg"
2953,"12.5 mg-10 mg/5 mL"
2954,"12.5 mg-100 mg-60 mg"
2955,"12.5 mg-160 mg"
2956,"12.5 mg-200 mg"
2957,"12.5 mg-30 mg/5 mL"
2958,"12.5 mg-5 mg"
2959,"12.5 mg-7.5 mg"
2960,"12.5 mg-80 mg"
2961,"120 mcg"
2962,"120 mg"
2963,"120 mg/5 mL"
2964,"1200 mg"
2965,"1200 mg-0.9%/1000 mL"
2966,"1200 mg-0.9%/500 mL"
2967,"12000 units-4000 units-12000 units"
2968,"1235 mg"
2969,"125 mcg"
2970,"125 mg"
2971,"125 mg/5 mL"
2972,"125 mg/mL"
2973,"125 mg-125 mg/mL"
2974,"125 mg-31.25 mg"
2975,"125 mg-31.25 mg/5 mL"
2976,"125 mg-60 mg"
2977,"125 mg-66 mg"
2978,"125 units"
2979,"1250 mg"
2980,"1250 mg/5 mL"
2981,"1250 units/5 gtt"
2982,"12500 units/mL"
2983,"130 mg"
2984,"130 mg/mL"
2985,"130 mg-16 mg-100 mg-8 mg"
2986,"130 mg-16 mg-8 mg-195 mg"
2987,"130 mg-25 mg-25 mg"
2988,"133 mg-414 mg-81 mg-20 mg"
2989,"135 mg"
2990,"137 mcg/inh"
2991,"14 mg"
2992,"14 mg/24 hr"
2993,"14 mg/mL"
2994,"14%-2%-2%"
2995,"140 mg"
2996,"140 mg/mL"
2997,"144 mg/mL"
2998,"1440 units/mL"
2999,"15 g"
3000,"15 g/60 mL"
3001,"15 intl units/0.3 mL"
3002,"15 mcg/0.5 mL"
3003,"15 mEq"
3004,"15 mg"
3005,"15 mg/16 hr"
3006,"15 mg/5 mL"
3007,"15 mg/mL"
3008,"15 mg-100 mg/5 mL"
3009,"15 mg-100 mg-30 mg/5 mL"
3010,"15 mg-15 mg"
3011,"15 mg-15 mg/5 mL"
3012,"15 mg-200 mg/5 mL"
3013,"15 mg-30 mg/5 mL"
3014,"15 mg-300 mg"
3015,"15 mg-6.25 mg/5 mL"
3016,"15 mg-60 mg"
3017,"15 units"
3018,"15%-85%"
3019,"150 intl units"
3020,"150 intl units/mL"
3021,"150 mg"
3023,"150 mg/mL"
3024,"150 mg-100 units"
3025,"150 mg-2 mg-5 mg-250 mg"
3026,"150 mg-3 mg/5 mL"
3027,"150 mg-300 mg"
3028,"150 mg-300 mg-250 mg"
3029,"150 mg-60 mg"
3030,"150 mg-67 mg"
3031,"150 units"
3032,"150 units/mL"
3033,"1500 intl units"
3034,"1500 intl units-35 mg-400 intl units/mL"
3035,"1500 mg"
3036,"1500 mg-200 units"
3037,"1500 units"
3039,"1500000 intl units"
3040,"150000000 units"
3041,"152 mg-8.4 mg/5 mL"
3042,"155 mg-350 mg"
3043,"159 mg"
3044,"16 g/15 mL"
3045,"16 mg"
3046,"16 mg/5 mL"
3047,"16 mg/mL"
3048,"16 mg-50 mg-16 mg-16 mg"
3050,"16 units/mL"
3051,"16.2 mg"
3052,"16.2 mg-30 mg"
3053,"16.2 mg-60 mg"
3054,"160 mg"
3055,"160 mg/15 mL"
3056,"160 mg/5 mL"
3057,"160 mg/mL"
3058,"160 mg-0.4 mg"
3059,"160 mg-1 mg-15 mg/5 mL"
3060,"160 mg-1 mg-5 mg-15 mg/5 mL"
3061,"160 mg-105 mg"
3062,"160 mg-15 mg-7.5 mg/5 mL"
3063,"160 mg-2 mg-15 mg/5 mL"
3064,"160 mg-230 mg-33 mg"
3065,"160 mg-40 mg"
3067,"162 mg"
3068,"162 mg-162 mg-20 mg"
3069,"165 mg"
3070,"16600 units-5000 units-18750 units"
3071,"167 mEq/L"
3072,"167 mg"
3073,"18 mcg/inh"
3074,"18.2 mg/5 mL"
3075,"18.75 mg"
3076,"180 mg"
3077,"180 mg/mL"
3079,"180 mg-300 mg"
3080,"180 mg-75 mg"
3081,"18000000 intl units"
3082,"18000000 units"
3083,"187 mg"
3084,"187 mg/5 mL"
3085,"19 g-7 g"
3086,"190 mg"
3087,"195 mg"
3088,"1X"
3089,"2 g"
3090,"2 g/100 mL"
3091,"2 g/19 g"
3092,"2 g/50 mL"
3093,"2 g-0.25 g"
3094,"2 g-1 g"
3095,"2 mcg/mL"
3096,"2 mcg-0.2 mg-0.16 mg-0.8 mg/mL"
3097,"2 mEq/mL"
3098,"2 mg"
3099,"2 mg and 1 mg/mL"
3100,"2 mg/2 mL"
3101,"2 mg/5 mL"
3102,"2 mg/mL"
3103,"2 mg-0.625 mg-10 mg/5 mL"
3104,"2 mg-1.25 mg-10 mg"
3105,"2 mg-1.25 mg-10 mg/5 mL"
3106,"2 mg-1.67 mg-5 mg/5 mL"
3107,"2 mg-10 mg-12.5 mg"
3108,"2 mg-10 mg-12.5 mg/5 mL"
3109,"2 mg-10 mg-25 mg"
3110,"2 mg-10 mg-30 mg/5 mL"
3111,"2 mg-100 mg-20 mg/5 mL"
3112,"2 mg-100 mg-32.4 mg"
3113,"2 mg-12.5 mg/5 mL"
3114,"2 mg-125 mg"
3115,"2 mg-15 mg/5 mL"
3116,"2 mg-15 mg-10 mg/5 mL"
3117,"2 mg-15 mg-30 mg/5 mL"
3118,"2 mg-15 mg-5 mg/5 mL"
3119,"2 mg-2.5 mg/5 mL"
3120,"2 mg-2.5 mg-30 mg/5 mL"
3121,"2 mg-2.5 mg-5 mg/5 mL"
3122,"2 mg-25 mg/mL"
3123,"2 mg-30 mg"
3124,"2 mg-30 mg/5 mL"
3125,"2 mg-4 mg-25 mg/mL"
3126,"2 mg-5 mg"
3127,"2 mg-5 mg/5 mL"
3128,"2 mg-5 mg-12.5 mg/5 mL"
3129,"2 mg-5 mg-5 mg/5 mL"
3131,"2 mg-7.5 mg-100 mg-10 mg/5 mL"
1528,"1%"
1529,"2%"
1530,"5%"
1531,"10%"
1532,"20%"
1533,"50%"
1534,"0.1%"
1535,"0.2%"
1536,"0.3%"
1537,"0.4%"
1538,"0.5%"
1539,"6.5%"
1540,"0.01%"
1541,"0.03%"
1542,"0.05%"
1543,"0.06%"
1544,"0.25%"
1545,"0.75%"
1961,"0.8%"
1970,"0.025%"
1978,"0.005%"
2389,"0.02%"
2490,"2.25%"
2491,"2.27%"
2493,"2.75%"
2494,"3%"
2497,"4%"
2501,"1:10"
2503,"6%"
2504,"6.25%"
2507,"7%"
2508,"7.5%"
2509,"8%"
2511,"8.75%"
2512,"8.85%"
2513,"9%"
2515,"12%"
2519,"15%"
2520,"16%"
2521,"17%"
2524,"18%"
2526,"19%"
2527,"22%"
2529,"24%"
2530,"25%"
2531,"26%"
2532,"28%"
2533,"30%"
2534,"34%"
2535,"36%"
2537,"37%"
2538,"40%"
2539,"41%"
2540,"43%"
2541,"45%"
2543,"51%"
2544,"52%"
2545,"60%"
2546,"61%"
2547,"64%"
2548,"65%"
2550,"67%"
2551,"68%"
2552,"70%"
2553,"74%"
2554,"76%"
2555,"80%"
2556,"85%"
2557,"91%"
2558,"95%"
2559,"98%"
2560,"99%"
2561,"100%"
2562,"-"
2563,"0.012%"
2564,"0.0194 mg-0.1037 mg-16.2 mg-0.0065 mg"
2565,"0.0194 mg-0.1037 mg-16.2 mg-0.0065 mg/5 mL"
2566,"0.02 mg"
2567,"0.02 mg/mL"
2568,"0.02%-0.25%"
2569,"0.025 mg"
2570,"0.025 mg/24 hr"
2571,"0.025 mg-1 mg"
2572,"0.025 mg-1.75 mg-10000 units/mL"
2573,"0.025 mg-2.5 mg"
2574,"0.025 mg-2.5 mg/5 mL"
2575,"0.025%-0.3%"
2576,"0.025%-10%-25%"
2577,"0.032 mg/inh"
2578,"0.0375 mg/24 hr"
2579,"0.04%"
2580,"0.042 mg/inh"
2581,"0.05 mg"
2582,"0.05 mg/24 hr"
2583,"0.05 mg/inh"
2584,"0.05 mg-1 mg"
2585,"0.05%-0.25%"
2586,"0.05%-0.5%-0.2%"
2587,"0.0582 mg-0.0582 mg-48.6 mg-0.0195 mg"
2588,"0.062%"
2589,"0.075 mg"
2590,"0.075 mg/24 hr"
2591,"0.075%"
2592,"0.08%"
2593,"0.083%"
2594,"0.084 mcg/inh"
2595,"0.088 mg"
2596,"0.1 mg"
2597,"0.1 mg/24 hr"
2598,"0.1 mg/g"
2599,"0.1 mg/hr"
2600,"0.1 mg/inh"
2601,"0.1 mg/mL"
2602,"0.1 mg-4 mg"
2603,"0.1%-0.3%"
2604,"0.1%-0.35%"
2605,"0.1%-1%-1%"
2606,"0.1%-10%"
2607,"0.112 mg"
2608,"0.12%"
2609,"0.12%-0.25%"
2610,"0.12%-1.45%"
2611,"0.125 mg"
2612,"0.125 mg/5 mL"
2613,"0.125 mg/mL"
2614,"0.125 mg-15 mg"
2615,"0.125 mg-15 mg/mL"
2616,"0.125 mg-25 mg"
2617,"0.125%"
2618,"0.125%-15%"
2619,"0.131 mg/inh"
2620,"0.137 mg"
2621,"0.14 mg-10 mg/mL"
2622,"0.14%-1.09%-0.4%"
2623,"0.147 mg/g"
2624,"0.15 mcg/mL"
2625,"0.15 mg"
2626,"0.15 mg/inh"
2627,"0.15 mg-0.03 mg"
2628,"0.15 mg-500 mg"
2629,"0.16 mg-0.24 mg/inh"
2630,"0.16%"
2631,"0.167%"
2632,"0.17%"
2633,"0.175 mg"
2634,"0.194 mg-16 mg/5 mL"
2635,"0.2 mg"
2636,"0.2 mg/24 hr"
2637,"0.2 mg/hr"
2638,"0.2 mg/inh"
2639,"0.2 mg/mL"
2640,"0.2%-0.5%"
2641,"0.2%-1%"
2642,"0.2%-10%"
2643,"0.23%"
2644,"0.25 mcg"
2645,"0.25 mg"
2646,"0.25 mg/0.6 mL"
2647,"0.25 mg/mL"
2648,"0.25 mg-25 mg"
2649,"0.25 mg-5 mg"
2650,"0.25%-0.15%"
2651,"0.25%-0.5%"
2652,"0.25%-1%"
2653,"0.25%-1:200,000"
2654,"0.25%-10%"
2655,"0.25%-11%"
2656,"0.25%-3%"
2657,"0.275 mg/mL"
2658,"0.3 mg"
2659,"0.3 mg/24 hr"
2660,"0.3 mg/hr"
2661,"0.3 mg/inh"
2662,"0.3 mg/mL"
2663,"0.3 mL"
2664,"0.3 mL-30 mg-25 g"
2665,"0.3%-0.6%"
2666,"0.3%-1%"
2667,"0.3%-1%-0.33%-0.05%"
2668,"0.34 mg/inh"
2669,"0.35 mg"
2670,"0.35%-10000 units/mL-0.5%"
2671,"0.37 mg/inh"
2672,"0.375 mg"
2673,"0.3M"
2674,"0.4 mg"
2675,"0.4 mg/hr"
2676,"0.4 mg/mL"
2677,"0.4%-0.25%"
2678,"0.45 mg-200 mg"
2679,"0.45 mg-400 mg"
2680,"0.45%"
2681,"0.5 g"
2683,"0.5 mcg"
2684,"0.5 mEq/mL"
2685,"0.5 mg"
2686,"0.5 mg/24 hr"
2687,"0.5 mg/3 g"
2688,"0.5 mg/5 mL"
2689,"0.5 mg/mL"
2690,"0.5 mg-1.25 mg-5 mg-2 mg/5 mL"
2691,"0.5 mg-1.25 mg-5 mg-2 mg/mL"
2692,"0.5 mg-2 mg"
2693,"0.5 mg-3.5 mg/g"
2694,"0.5 mg-50 mg"
2695,"0.5 mg-500 mg"
2696,"0.5%-0.05%"
2697,"0.5%-0.35%-10000 units/g"
2698,"0.5%-1:200,000"
2699,"0.5%-10%"
2700,"0.5%-10%-10%"
2701,"0.5%-10000 units/mL"
2702,"0.5%-2%-2%"
2703,"0.6 mg"
2704,"0.6 mg/5 mL"
2705,"0.6 mg/hr"
2706,"0.6 mg-0.2 mg-40 mg"
2707,"0.6%"
2708,"0.625 mg"
2709,"0.625 mg/g"
2710,"0.625 mg-1.25 mg"
2711,"0.625 mg-2.5 mg"
2712,"0.625 mg-5 mg"
2713,"0.63%"
2714,"0.65 mg/inh"
2715,"0.65%"
2716,"0.75 mg"
2717,"0.75 mg-5 mg-2.5 mg-75 mg/5 mL"
2718,"0.75%-1:200,000"
2719,"0.8 mg"
2720,"0.8 mg/hr"
2721,"0.8 mg/inh"
2722,"0.8 mg/mL"
2723,"0.85 mcg-0.1 mg-0.025 mg-0.5 mg/mL"
2724,"0.85 mcg-0.1 mg-0.025 mg-1.5 mg/mL"
2725,"0.9 mg"
2726,"0.9%"
2727,"0.92%"
2728,"1 g/5000 mL"
2729,"1 g/750 mL"
2730,"1 g"
2731,"1 g/10 mL"
2732,"1 g/100 mL"
2733,"1 g/3 mL"
2734,"1 g/50 mL"
2735,"1 g-0.5 g"
3132,"2%-0.05%"
3133,"2%-0.5%"
3134,"2%-0.79%"
3135,"2%-1%"
3136,"2%-1.1%-1.5%"
3137,"2%-10%"
3138,"2%-100 mg"
3139,"2%-2%"
3140,"2%-200 mg"
3141,"2%-50 mg/mL"
3142,"2%-8%"
3143,"2.2 mg/mL"
3144,"2.5 g"
3145,"2.5 g/7 g"
3146,"2.5 mg"
3147,"2.5 mg/2.5 mL"
3148,"2.5 mg/24 hr"
3149,"2.5 mg/5 mL"
3150,"2.5 mg/mL"
3151,"2.5 mg-0.05 mg/mL"
3152,"2.5 mg-12.5 mg/5 mL"
3153,"2.5 mg-7.5 mg/mL"
3154,"2.5 mg-75 mg/5 mL"
3155,"2.5%-1%"
3156,"2.5%-2.5%"
3157,"2.6 mg"
3158,"2.68 mg"
3159,"2.75 mg/mL"
3160,"20 g"
3161,"20 mcg"
3162,"20 mcg/hr"
3163,"20 mcg/mL"
3164,"20 mcg-1 mg"
3165,"20 mcg-100 mcg"
3166,"20 mEq"
3167,"20 mEq/100 mL"
3168,"20 mEq/15 mL"
3169,"20 mg"
3170,"20 mg/10 mL"
3171,"20 mg/5 mL"
3172,"20 mg/50 mL"
3173,"20 mg/mL"
3174,"20 mg-10 mg-10 mg-45 mg"
3175,"20 mg-200 mg/5 mL"
3177,"20 mg-200 mg-60 mg/5 mL"
3178,"20 mg-400 mg-60 mg"
3179,"20 mg-60 mg"
3180,"20 mg-60 mg/5 mL"
3181,"20 units/mL"
3182,"20%-0.1%"
3183,"200 intl units"
3184,"200 intl units/inh"
3185,"200 intl units/mL"
3186,"200 mcg"
3187,"200 mcg/inh"
3188,"200 mcg/mL"
3189,"200 mg"
3190,"200 mg/100 mL"
3191,"200 mg/100 mL-5%"
3192,"200 mg/5 mL"
3193,"200 mg/mL"
3194,"200 mg-1%"
3195,"200 mg-2%"
3196,"200 mg-200 mg"
3197,"200 mg-200 mg-20 mg"
3198,"200 mg-200 mg-20 mg/5 mL"
3199,"200 mg-200 mg-25 mg"
3200,"200 mg-225 mg-20 mg/5 mL"
3201,"200 mg-28.5 mg"
3202,"200 mg-28.5 mg/5 mL"
3203,"200 mg-40 mg"
3204,"200 mg-5 mg-45 mg"
3205,"200 mg-5 mg-60 mg/5 mL"
3206,"200 mg-60 mg"
3207,"200 mg-600 mg/5 mL"
3208,"200 units"
3209,"200 units/100 mL-0.9%"
3210,"2000 units/mL"
3211,"20000 units"
3212,"20000 units/mL"
3213,"20000 units-4000 units-25000 units"
3214,"20000 units-4500 units-25000 units"
3215,"20000 units-5000 units-20000 units"
3216,"200000 units"
3220,"2000000000 units"
3221,"21 mcg"
3222,"21 mcg/inh"
3223,"21 mg/24 hr"
3224,"210 mg"
3225,"210 mg/mL"
3226,"217 mg"
3227,"218 mg/5 mL"
3228,"22 mg"
3229,"22 mg/24 hr"
3230,"22.5 mg"
3231,"22.5 mg-7.5 mg-120 mg"
3232,"220 mcg/inh"
3233,"220 mg"
3234,"220 mg/5 mL"
3235,"220 mg/mL"
3236,"22000000 intl units"
3237,"222 mg/mL"
3238,"225 mg"
3239,"225 mg-200 mg/5 mL"
3240,"227.5 mg"
3241,"23 mg"
3242,"230 mg-130 mg"
3243,"232 mg-200 intl units"
3244,"24 mg"
3245,"24 mg/mL"
3247,"24 mg-24 mg-320 mg-130 mg"
3248,"240 mg"
3249,"240 mg/mL"
3250,"24000 units-12000 units-24000 units"
3251,"25 g"
3252,"25 mcg"
3253,"25 mcg/hr"
3254,"25 mcg/inh"
3255,"25 mcg/mL"
3256,"25 mEq"
3257,"25 mg"
3258,"25 mg/5 mL"
3259,"25 mg/mL"
3260,"25 mg-10 mg-130 mg"
3261,"25 mg-2 mg"
3262,"25 mg-200 mg"
3263,"25 mg-25 mg/mL"
3264,"25 mg-30 mg"
3265,"25 mg-4 mg"
3266,"25 mg-580 mg"
3267,"25 units"
3268,"25 units/0.5 mL"
3269,"250 g"
3270,"250 mcg"
3271,"250 mcg/inh"
3272,"250 mcg/mL"
3273,"250 mg"
3274,"250 mg/50 mL"
3275,"250 mg/mL"
3276,"250 mg-10 mg-100 mg-30 mg"
3277,"250 mg-10 mg-6.25 mg-30 mg"
3278,"250 mg-120 mg"
3279,"250 mg-125 mg"
3280,"250 mg-125 units"
3281,"250 mg-132 mg"
3282,"250 mg-250 mg-65 mg"
3283,"250 mg-278 mg-164 mg"
3284,"250 mg-3 mg"
3285,"250 mg-30 mg"
3286,"250 mg-45 mg-250.5 mg"
3287,"250 mg-45 mg-298 mg"
3288,"250 mg-5 mg/5 mL"
3289,"250 mg-50 mg-250 mg"
3290,"250 mg-520 mg-32.5 mg"
3291,"250 mg-556 mg"
3292,"250 mg-62.5 mg"
3293,"250 mg-62.5 mg/5 mL"
3294,"250 mg-80 mg"
3295,"250 mg-90 mg"
3296,"250 tuberculin units/0.1 mL"
3297,"250 units"
3298,"250 units/g"
3299,"250 units/mL"
3300,"2500 intl units/0.2 mL"
3301,"2500 mcg"
3302,"2500 units/mL"
3303,"25000 units"
3304,"25000 units/mL"
3305,"250000 intl units"
3306,"25000000 intl units"
3307,"26.3 mg"
3308,"260 mg"
3309,"262 mg"
3310,"262 mg/15 mL"
3311,"262.4 mg-250 mg-500 mg"
3312,"27 mg"
3313,"270 mg/mL"
3314,"275 mg"
3315,"279.3 mg/mL"
3316,"28.5%-29.1%"
3317,"280 mg-128 mg-20 mg"
3318,"280 mg-350 mg/5 mL"
3319,"283 mg"
3320,"287 mg/mL"
3321,"3 g"
3322,"3 g/8 g"
3323,"3 g-0.375 g"
3324,"3 g-100 mg/100 mL"
3325,"3 mEq/mL"
3326,"3 mg"
3327,"3 mg/mL"
3329,"3 mg-45 mg/5 mL"
3330,"3 mmol/mL"
3331,"3%-0.3%"
3332,"3%-0.5%"
3333,"3%-0.75%"
3334,"3%-1%"
3335,"3%-1%-1%"
3336,"3%-10%"
3337,"3%-25%"
3338,"3%-5%"
3339,"3.125 mg"
3340,"3.2 mg"
3341,"3.25 g-0.74 g/6 g"
3342,"3.3 g/7 g"
3343,"3.4 g"
3344,"3.4 g/11 g"
3345,"3.4 g/3.7 g"
3346,"3.4 g/5.2 g"
3347,"3.4 g/5.8 g"
3348,"3.4 g/7 g"
3349,"3.5 g/3.7 g"
3350,"3.5 g-1 g"
3351,"3.5 mg/5 mL"
3352,"3.52 mg/mL"
3353,"3.6 g/100 mL"
3354,"3.6 mg"
3355,"3.7%-2.86%-3.42%"
3356,"3.75 g"
3357,"3.75 mg"
3358,"30 g"
3359,"30 g-1 g"
3360,"30 mcg"
3361,"30 mcg-0.15 mg"
3362,"30 mcg-0.3 mg"
3363,"30 mcg-1.5 mg"
3364,"30 mEq"
3365,"30 mEq/100 mL"
3366,"30 mEq/15 mL"
3367,"30 mg"
3368,"30 mg/5 mL"
3369,"30 mg/mL"
3370,"30 mg-1.25 mg/5 mL"
3371,"30 mg-100 mg"
3372,"30 mg-2 mg-1200 units-6 mg"
3373,"30 mg-2 mg-25 mg-6 mg"
3374,"30 mg-4 mg-5 mg-5 mg/5 mL"
3375,"30 mg-575 mg"
3376,"30 mg-60 mg"
3378,"30 mg-600 mg"
3379,"30 mg-600 mg-37.5 mg"
3380,"30 mg-600 mg-60 mg"
3381,"30 mg-800 mg"
3382,"30 units"
3383,"300 g"
3384,"300 mcg"
3385,"300 mcg/mL"
3386,"300 mg"
3387,"300 mg/50 mL-0.9%"
3388,"300 mg/mL"
3389,"300 mg-10 mg"
3390,"300 mg-20 mg"
3391,"300 mg-300 mg"
3392,"300 mg-300 mg/15 mL"
3393,"300 mg-5 mg"
3394,"300 mg-5 mg/5 mL"
3395,"300 mg-5 mg-30 mg"
3396,"300 mg-5%/50 mL"
3397,"300 mg-500 mg"
3398,"300 mg-60 mg"
3399,"300 units"
3400,"3000 units"
3401,"3000 units/mL"
3402,"30000 units-10000 units-30000 units"
3403,"30000 units-11000 units-30000 units"
3404,"30000 units-8000 units-30000 units"
3407,"3000000 intl units"
3408,"3000000 units/0.5 mL"
3410,"3000000 units/mL"
3411,"305 mg-700 mg"
3412,"31.7 mg-119.3 mg/5 mL"
3413,"32 mg"
3414,"32 mg/50 mL"
3415,"32 mg-162 mg-162.5 mg"
3416,"32%-10%"
3417,"32.4 mg"
3418,"32.5 mg"
3419,"320 mg"
3420,"320 mg/5 mL-10%"
3421,"320 mg/mL"
3422,"324 mg"
3423,"325 mg"
3424,"325 mg-1 g-1.9 g"
3425,"325 mg-1 mg-25 mg-12.5 mg"
3426,"325 mg-10 mg"
3427,"325 mg-100 mg-65 mg"
3428,"325 mg-12.5 mg"
3429,"325 mg-12.5 mg/15 mL"
3430,"325 mg-15 mg"
3431,"325 mg-15 mg-100 mg-25 mg"
3432,"325 mg-15 mg-30 mg"
3433,"325 mg-16 mg-95 mg"
3434,"325 mg-2 mg"
3435,"325 mg-2 mg-10 mg-12.5 mg"
3436,"325 mg-2 mg-10 mg-24.08 mg"
3437,"325 mg-2 mg-12.5 mg"
3438,"325 mg-2 mg-15 mg-30 mg"
3439,"325 mg-2 mg-24.08 mg"
3440,"325 mg-2 mg-30 mg"
3441,"325 mg-2 mg-5 mg"
3442,"325 mg-2.25 mg-0.19 mg"
3443,"325 mg-200 mg"
3444,"325 mg-200 mg-16 mg"
3445,"325 mg-32.5 mg-2 mg-12.5 mg"
3446,"325 mg-38.33 mg-15 mg"
3447,"325 mg-4.5 mg-0.38 mg"
3448,"325 mg-400 mg"
3449,"325 mg-5 mg/5 mL"
3450,"325 mg-50 mg-40 mg"
3451,"325 mg-50 mg-40 mg-30 mg"
3452,"325 mg-60 mg"
3453,"326 mg/5 g"
3454,"33.3 mg/mL"
3455,"33.3 mg-2 mg-9.85 mg-5 mg/5 mL"
3456,"330 mg"
3457,"33200 units-10000 units-37500 units"
3458,"33200 units-10000 units-38000 units"
3459,"333 mg"
3460,"334 mg"
3461,"334 mg-1100 mg/5 mL"
3462,"334 mg-500 mg/5 mL"
3463,"334 mg-550 mg-500 mg/5 mL"
3464,"34.3%-35%"
3465,"340 mg"
3466,"35 mcg-0.25 mg"
3467,"35 mcg-0.4 mg"
3468,"35 mcg-0.5 mg"
3469,"35 mcg-1 mg"
3470,"35 mg"
3471,"350 mg"
3472,"350 mg/mL"
3473,"350 mg-150 mg"
3474,"356.4 mg-30 mg-16 mg"
3475,"36 g-4.5 g"
3476,"36 mg"
3477,"360 mg"
3478,"36000000 units/mL"
3479,"364 mg-8.3 mg"
3480,"37.5 mg"
3481,"370 mg/mL"
3482,"375 mg"
3483,"375 mg/5 mL"
3484,"38 mg"
3485,"382 mg"
3486,"385 mg-30 mg-25 mg"
3487,"389 mg-32.4 mg-65 mg"
3488,"39.3%-19.6%"
3489,"39000 units-12000 units-39000 units"
3490,"4 g"
3491,"4 g/5 g"
3492,"4 g/60 mL"
3493,"4 g/9 g"
3494,"4 g-0.5 g"
3495,"4 g-3 g/7 g"
3496,"4 mcg/cm2"
3497,"4 mcg/mL"
3498,"4 mEq/mL"
3499,"4 mg"
3500,"4 mg/24 hr"
3501,"4 mg/5 mL"
3502,"4 mg/mL"
3503,"4 mg/mL-1%"
3504,"4 mg-1.25 mg-10 mg"
3505,"4 mg-1.67 mg-5 mg/5 mL"
3506,"4 mg-10 mg"
3507,"4 mg-10 mg/5 mL"
3508,"4 mg-10 mg-50 mg-25 mg"
3510,"4 mg-12.5 mg-4 mg-4 mg/5 mL"
3511,"4 mg-15 mg-60 mg/5 mL"
3512,"4 mg-2.5 mg-10 mg/5 mL"
3513,"4 mg-20 mg-25 mg"
3514,"4 mg-20 mg-50 mg"
3515,"4 mg-24 mg-50 mg"
3516,"4 mg-25 mg"
3517,"4 mg-25 mg-40 mg"
3518,"4 mg-30 mg"
3519,"4 mg-37.5 mg"
3520,"4 mg-4 mg-4 mg/5 mL"
3521,"4 mg-5 mg-60 mg"
3522,"4 mg-50 mg"
3523,"4 mg-60 mg"
3524,"4 mg-60 mg/5 mL"
3525,"4 mg-8.2 mg-100 mg/5 mL"
3527,"4.0 mcg-0.4 mg-0.1 mg-1.0 mg/mL"
3528,"4.03 g/6 g"
3529,"4.2 g-150 mg/15 mL"
3530,"4.2%-0.2%"
3531,"4.5 mg"
3532,"4.5 mg-75 mg/5 mL"
3533,"40 g"
3534,"40 g/150 mL"
3535,"40 mcg"
3536,"40 mcg/hr"
3537,"40 mcg/mL"
3538,"40 mEq/100 mL"
3539,"40 mEq/15 mL"
3540,"40 mg"
3541,"40 mg/0.6 mL"
3542,"40 mg/5 mL"
3543,"40 mg/50 mL-0.9%"
3544,"40 mg/mL"
3546,"40 mg-200000 units/mL"
3547,"40 mg-30 mg/mL"
3549,"40 mg-75 mg"
3550,"40 units"
3551,"40 units/mL"
3552,"400 intl units"
3553,"400 mcg"
3554,"400 mg"
3555,"400 mg/100 mL-5%"
3556,"400 mg/200 mL"
3557,"400 mg/5 mL"
3558,"400 mg/g"
3559,"400 mg/mL"
3560,"400 mg-25 mg"
3561,"400 mg-32 mg"
3562,"400 mg-400 mg"
3563,"400 mg-400 mg-40 mg/5 mL"
3564,"400 mg-57 mg"
3565,"400 mg-57 mg/5 mL"
3566,"400 units-10 mg-3.5 mg-10000 units/g"
3567,"400 units-3.5 mg-5000 units/g"
3568,"400 units-5 mg-3.5 mg-5000 units/g"
3569,"4000 units"
3570,"4000 units/mL"
3571,"4000 units-3.5 mg-10000 units/g"
3572,"40000 units/mL"
3574,"420 mg"
3575,"421 mg-32 mg"
3576,"44 mcg/inh"
3577,"45 mEq/15 mL"
3578,"45 mg"
3579,"45 mg/0.6 mL"
3580,"450 mg"
3581,"450 mg-200 mg"
3582,"450 mg-30 mg"
3583,"4500 units"
3584,"467 mg"
3585,"48 mg/mL"
3586,"48%-18%"
3587,"480 mg/100 mL-0.9%"
3588,"480 mg-20 mg"
3589,"48000 units-16000 units-48000 units"
3590,"486 mg"
3591,"5 g"
3592,"5 g/packet"
3593,"5 g/scoopful"
3594,"5 mcg"
3595,"5 mcg/mL"
3596,"5 mEq"
3597,"5 mEq/mL"
3598,"5 mg"
3599,"5 mg/16 hr"
3600,"5 mg/24 hours"
3601,"5 mg/5 mL"
3602,"5 mg/mL"
3603,"5 mg-10 mg"
3604,"5 mg-10 mg/5 mL"
3605,"5 mg-10 mg-20 mg-20 mg"
3606,"5 mg-10 mg-40 mg-15 mg"
3607,"5 mg-100 mg-15 mg/5 mL"
3608,"5 mg-100 mg-6.25 mg/5 mL"
3609,"5 mg-10000 units/g"
3610,"5 mg-12.5 mg"
3611,"5 mg-2.5 mg"
3612,"5 mg-20 mg"
3613,"5 mg-25 mg/5 mL"
3614,"5 mg-300 mg/5 mL"
3615,"5 mg-40 mg"
3616,"5 mg-50 mg"
3617,"5 mg-50 mg-15 mg/5 mL"
3618,"5 mg-50 mg-6.25 mg/mL"
3619,"5 mg-6.25 mg/5 mL"
3620,"5 mg-60 mg"
3621,"5 mg-60 mg/5 mL"
3622,"5 mg-80 mg"
3623,"5 mL-2.34 g/15 mL"
3624,"5 mL-2.34 g/30 mL"
3625,"5 tuberculin units/0.1 mL"
3626,"5 tuberculin units/test"
3627,"5%-0.1%"
3628,"5%-0.2%"
3629,"5%-0.4%"
3630,"5%-0.5%"
3631,"5%-0.6%"
3632,"5%-0.8%"
3633,"5%-1 g/100 mL"
3634,"5%-1.5%-2%"
3635,"5%-10 mg/100 mL"
3636,"5%-10%"
3637,"5%-10,000 units/100 mL"
3638,"5%-100 mg/100 mL"
3639,"5%-160 mg/100 mL"
3640,"5%-2 g/100 mL"
3641,"5%-2%"
3642,"5%-20 mg/100 mL"
3643,"5%-200 mg/100 mL"
3644,"5%-200 mg/50 mL"
3645,"5%-3%"
3646,"5%-30 mg/100 mL"
3647,"5%-320 mg/100 mL"
3648,"5%-4 g/100 mL"
3649,"5%-40 mg/100 mL"
3650,"5%-400 mg/100 mL"
3651,"5%-4000 units/100 mL"
3652,"5%-5%"
3653,"5%-5%-0.25%"
3654,"5%-50 mg/100 mL"
3655,"5%-500 mg/100 mL"
3656,"5%-5000 units/100 mL"
3657,"5%-8 g/100 mL"
3658,"5%-80 mg/100 mL"
3659,"5%-95%"
3661,"5.2 g-260 mg-260 mg/30 mL"
3662,"5.2 mg/inh"
3663,"5.4 mg"
3664,"5.75 mg-60 mg"
3665,"5.8 g-130 mg/30 mL"
3666,"5.8 mg"
3667,"50 g"
3668,"50 g/120 mL"
3669,"50 g/200 mL"
3670,"50 mcg"
3671,"50 mcg/hr"
3672,"50 mcg/inh"
3673,"50 mcg/mL"
3674,"50 mcg-0.5 mg"
3675,"50 mcg-1 mg"
3676,"50 mEq"
3677,"50 mg"
3678,"50 mg/15 mL"
3679,"50 mg/5 mL"
3680,"50 mg/g"
3681,"50 mg/mL"
3682,"50 mg-0.25 mg"
3683,"50 mg-100 mg/5 mL"
3684,"50 mg-187 mg"
3685,"50 mg-2.5 mg-7.5 mg/5 mL"
3686,"50 mg-200 mg"
3687,"50 mg-300 mg-120 mg"
3688,"50 mg-32.4 mg"
3689,"50 mg-325 mg-50 mg-50 mg"
3690,"50 mg-4 mg"
3691,"50 mg-50 mg/10 mL"
3692,"50 mg-6.25 mg/5 mL"
3693,"50 mg-6.25 mg/mL"
3694,"50 mg-950 mg"
3695,"50 units/mL"
3696,"50 units-50 units/mL"
3697,"500 intl units"
3698,"500 mcg"
3699,"500 mcg/mL"
3700,"500 mg"
3701,"500 mg/100 mL"
3702,"500 mg/15 mL"
3703,"500 mg/2 mL"
3704,"500 mg/5 mL"
3705,"500 mg/50 mL"
3706,"500 mg/6 mL"
3707,"500 mg/mL"
3708,"500 mg-1 g-1.9 g"
3709,"500 mg-10 mg"
3710,"500 mg-105 mg"
3711,"500 mg-12.5 mg"
3712,"500 mg-120 mg"
3713,"500 mg-125 mg"
3714,"500 mg-125 units"
3715,"500 mg-15 mg"
3716,"500 mg-15 mg-12.5 mg"
3717,"500 mg-15 mg-30 mg"
3718,"500 mg-2 mg-10 mg-20 mg"
3719,"500 mg-2 mg-12.5 mg"
3720,"500 mg-2 mg-15 mg-12.5 mg"
3721,"500 mg-2 mg-15 mg-30 mg"
3722,"500 mg-2 mg-30 mg"
3723,"500 mg-20 mg/5 mL"
3724,"500 mg-25 mg"
3725,"500 mg-25 mg-15 mg"
3726,"500 mg-25 mg-30 mg"
3727,"500 mg-3 mg-60 mg"
3728,"500 mg-30 mg-1.25 mg"
3729,"500 mg-38 mg"
3730,"500 mg-4 mg-25 mg"
3731,"500 mg-4 mg-40 mg"
3732,"500 mg-450 mg-40 mg"
3733,"500 mg-450 mg-40 mg/5 mL"
3734,"500 mg-5 mg/15 mL"
3735,"500 mg-50 mg"
3736,"500 mg-50 mg-40 mg"
3737,"500 mg-500 mg"
3738,"500 mg-60 mg"
3739,"500 mg-60 mg-15 mg"
3740,"500 mg-65 mg"
3741,"500 mg-7.5 mg/15 mL"
3742,"500 units/g"
3744,"500 units-10 mg-3.5 mg-5000 units/g"
3745,"500 units-10000 units/g"
3746,"500 units-4 mg-3.5 mg-10000 units/g"
3747,"5000 intl units"
3748,"5000 units"
3749,"5000 units/0.2 mL"
3750,"5000 units/0.5 mL"
3751,"5000 units/100 mL-0.45%"
3752,"5000 units/mL"
3753,"50000 intl units"
3754,"50000 units"
3755,"50000 units/mL"
3756,"500000 intl units/mL"
3757,"500000 units"
3758,"5000000 ea"
3759,"5000000 intl units"
3760,"5000000 intl units/mL"
3762,"5000000 units/0.5 mL"
3763,"50000000 intl units"
3764,"50000000 units"
3765,"500000000 units"
3766,"52%-8%"
3767,"52.7%-26.8%"
3768,"520 mg"
3769,"520 mg-400 mg"
3770,"520 mg-400 mg/5 mL"
3771,"524 mg/15 mL"
3772,"524 mg/30 mL"
3773,"525 mg"
3774,"525 mg/15 mL"
3775,"525 mg/30 mL"
3776,"527 mg/30 mL"
3777,"54 mg/5 mL"
3778,"54 mg-14 mg/mL"
3779,"540 mg/5 mL"
3780,"540 mg-2.7 g/100 mL"
3781,"540 mg-40 mg/5 mL"
3782,"545 mg"
3783,"55 mcg/inh"
3784,"550 mg"
3785,"550 mg-125 mg"
3786,"56000 units-20000 units-44000 units"
3787,"575 mg"
3788,"59000 units-18000 units-59000 units"
3789,"595 mg"
3790,"6 g"
3791,"6 g/100 mL-0.9%"
3792,"6 mg"
3793,"6 mg/0.5 mL"
3794,"6 mg/24 hr"
3795,"6 mg-120 mg"
3796,"6 mg-5 mg-40 mg"
3797,"6 mg-60 mg"
3798,"6%-0.9%"
3799,"6%-3%"
3800,"6.25 mg"
3801,"6.25 mg/5 mL"
3802,"6.25 mg-100 mg/5 mL"
3803,"6.25 mg-2.5 mg-32.5 mg/5 mL"
3804,"6.5 mg"
3805,"6.67 mg-66.7 mg/5 mL"
3806,"6.7 mEq"
3808,"6.75 g"
3809,"60 mg"
3810,"60 mg/100 mL-0.9%"
3812,"60 mg/5 mL"
3813,"60 mg/50 mL-0.9%"
3814,"60 mg/mL"
3815,"60 mg-120 mg"
3816,"60 mg-2.5 mg"
3817,"60 mg-5 mg-10 mg-10 mg"
3818,"60 mg-65 mg"
3819,"600 intl units"
3820,"600 mg"
3822,"600 mg-125 units"
3823,"600 mg-200 units"
3824,"600 mg-25 mg"
3825,"600 mg-300 mg/5 mL"
3826,"600 mg-37.5 mg"
3827,"600 mg-40 mg"
3828,"600 mg-5%/50 mL"
3829,"600 mg-60 mg"
3830,"6000 units"
3832,"6000000 intl units/mL"
3833,"6000000 units/mL"
3834,"62.5 mg/mL"
3835,"625 mg"
3836,"625 units"
3837,"63 mg"
3838,"64 mg"
3839,"64.8 mg"
3840,"640 mg-490 mg/5 mL"
3841,"648 mg"
3842,"65 mg"
3843,"65 mg/mL"
3844,"650 mg"
3845,"650 mg/25 mL"
3846,"650 mg-25 mg"
3847,"650 mg-30 mg"
3848,"650 mg-30 mg-60 mg"
3849,"650 mg-30 mg-60 mg/15 mL"
3850,"650 mg-32 mg-195 mg"
3851,"650 mg-4 mg-20 mg-60 mg"
3852,"650 mg-4 mg-25 mg"
3853,"650 mg-4 mg-30 mg-60 mg"
3854,"650 mg-4 mg-30 mg-60 mg/20 mL"
3855,"650 mg-4 mg-60 mg"
3856,"650 mg-50 mg"
3857,"65000 units-20000 units-65000 units"
3858,"652 mg"
3859,"66 mg"
3860,"66%-10%"
3861,"66400 units-20000 units-75000 units"
3862,"667 mg"
3863,"67 mg"
3864,"690 mg/30 mL"
3865,"7 mg/24 hr"
3866,"7.4 mg"
3867,"7.5 g"
3868,"7.5 mg"
3869,"7.5 mg/5 mL"
3870,"7.5 mg-15 mg/5 mL"
3871,"7.5 mg-200 mg"
3872,"7.5%-5%"
3873,"7.7 mg"
3874,"70 mg/50 mL-0.9%"
3876,"700 mg"
3877,"700 mg-300 mg"
3878,"70000 units-16800 units-70000 units/0.7 g"
3879,"72.5 mg-650 mg-0.1 mg/0.82 mL"
3880,"742 mg-222 mg-36 mg"
3881,"75 intl units"
3882,"75 mcg/hr"
3883,"75 mg"
3884,"75 mg/0.6 mL"
3885,"75 mg/100 mL"
3886,"75 mg/2 mL"
3887,"75 mg/5 mL"
3888,"75 mg/mL"
3889,"75 mg-12 mg"
3890,"75 mg-200 mcg"
3891,"75 mg-500 mg-75 mg-75 mg"
3892,"75 mg-65 mg"
3893,"750 anti-Xa units/0.6 mL"
3894,"750 clinical units"
3895,"750 intl units/mL"
3896,"750 mg"
3897,"750 mg/15 mL"
3898,"750 mg/50 mL"
3899,"750 mg-750 mg"
3900,"7500 units/mL"
3901,"750000 intl units"
3902,"77 mg"
3903,"770 mg-60 mg-50 mg"
3904,"78 mg"
3905,"780 mg-1820 mg"
3906,"8 g/15 mL"
3907,"8 mEq"
3908,"8 mg"
3909,"8 mg/mL"
3910,"8 mg-10 mg/5 mL"
3911,"8 mg-120 mg"
3912,"8 mg-2.5 mg-120 mg"
3913,"8 mg-2.5 mg-20 mg"
3914,"8 mg-2.5 mg-75 mg"
3915,"8 mg-20 mg"
3916,"8 mg-25 mg-25 mg"
3917,"8 mg-25 mg-8 mg-8 mg"
3918,"8 mg-75 mg"
3919,"8 units/mL"
3920,"8%-1%"
3921,"8.8 mg/5 mL"
3922,"80 mg"
3923,"80 mg/0.8 mL"
3924,"80 mg/100 mL-0.9%"
3925,"80 mg/15 mL"
3926,"80 mg/5 mL"
3927,"80 mg/50 mL-0.9%"
3928,"80 mg/mL"
3929,"80 mg-0.5 mg-2.5 mg-7.5 mg"
3930,"80 mg-0.5 mg-7.5 mg"
3931,"80 mg-1.25 mg"
3932,"80 mg-20 mg"
3934,"80 mg-7.5 mg/mL"
3935,"80 units/mL"
3936,"800 mg"
3937,"8000 units"
3938,"8000 units/mL"
3939,"81 mg"
3940,"84 mg"
3941,"85 mg/g"
3942,"850 mg"
3943,"86 mg"
3944,"870 mg/5 mL"
3945,"875 mg-125 mg"
3946,"9 mcg/0.3 mL"
3947,"9 mg"
3949,"9.5 g-3.5 g"
3950,"90 mcg/inh"
3951,"90 mg"
3952,"90 mg/100 mL-0.9%"
3953,"90 mg/5 mL"
3954,"90 mg-150 mg"
3955,"90 mg-150 mg/15 mL"
3956,"900 mg"
3957,"900 mg-0.9%/1000 mL"
3958,"900 mg-0.9%/250 mL"
3959,"900 mg-0.9%/500 mL"
3960,"900 mg-3.75 mL/15 mL"
3961,"900 mg-5%/50 mL"
3962,"9000 intl units"
3964,"9000000 units/0.9 mL"
3965,"95 mg"
3966,"950 mg"
3967,"97.2 mg"
3968,"975 mg"
3969,"adult"
3970,"Amino Acids 10% (Aminosyn II)"
3972,"Amino Acids 10% (Aminosyn)"
3973,"Amino Acids 10% (Aminosyn-PF)"
3974,"Amino Acids 10% (FreAmine III)"
3975,"Amino Acids 10% (Travasol)"
3976,"Amino Acids 10% (Trophamine)"
3978,"Amino Acids 11.4% (Novamine)"
3979,"Amino Acids 15% (Aminosyn II)"
3980,"Amino Acids 15% (Novamine)"
3981,"Amino Acids 2.75% with 10% Dextrose (Travasol)"
3982,"Amino Acids 2.75% with 25% Dextrose (Travasol)"
3983,"Amino Acids 2.75% with 5% Dextrose (Travasol)"
3985,"Amino Acids 3% with Electrolytes (Procalamine)"
3986,"Amino Acids 3.5% (Aminosyn II)"
3988,"Amino Acids 3.5% with 25% Dextrose (Aminosyn II)"
3989,"Amino Acids 3.5% with 25% Dextrose and Electrolytes (Aminosyn II)"
3990,"Amino Acids 3.5% with 5% Dextrose (Aminosyn II)"
3993,"Amino Acids 3.5% with Electrolytes (Travasol)"
3994,"Amino Acids 4% (Branchamin)"
3995,"Amino Acids 4.25% with 10% Dextrose (Aminosyn II)"
3996,"Amino Acids 4.25% with 10% Dextrose (Travasol)"
3998,"Amino Acids 4.25% with 20% Dextrose (Aminosyn II)"
3999,"Amino Acids 4.25% with 20% Dextrose and Electrolytes (Aminosyn II)"
4000,"Amino Acids 4.25% with 25% Dextrose (Aminosyn II)"
4001,"Amino Acids 4.25% with 25% Dextrose (FreAmine III)"
4002,"Amino Acids 4.25% with 25% Dextrose (Travasol)"
4003,"Amino Acids 4.25% with 25% Dextrose and Electrolytes (Aminosyn II)"
4004,"Amino Acids 4.25% with 5% Dextrose (Travasol)"
4006,"Amino Acids 5% (Aminosyn)"
4007,"Amino Acids 5% with 25% Dextrose (Aminosyn II)"
4008,"Amino Acids 5.2% (Aminess)"
4009,"Amino Acids 5.2% (Aminosyn-RF)"
4010,"Amino Acids 5.4% (Nephramine)"
4011,"Amino Acids 5.5% (Travasol)"
4013,"Amino Acids 6% (Trophamine)"
4014,"Amino Acids 6.5% (RenAmin)"
4015,"Amino Acids 6.9% (FreAmine HBC)"
4016,"Amino Acids 7% (Aminosyn II)"
4017,"Amino Acids 7% (Aminosyn)"
4018,"Amino Acids 7% (Aminosyn-HBC)"
4019,"Amino Acids 7% (Aminosyn-PF)"
4022,"Amino Acids 8% (Aminosyn HF)"
4023,"Amino Acids 8% (HepatAmine)"
4024,"Amino Acids 8.5% (Aminosyn II)"
4025,"Amino Acids 8.5% (Aminosyn)"
4026,"Amino Acids 8.5% (FreAmine III)"
4027,"Amino Acids 8.5% (Travasol)"
4028,"Amino Acids 8.5% with Electrolytes (Aminosyn II)"
4029,"Amino Acids 8.5% with Electrolytes (Aminosyn)"
4030,"Amino Acids 8.5% with Electrolytes (FreAmine III)"
4031,"Amino Acids 8.5% with Electrolytes (Travasol)"
4032,"biphasic"
4033,"compound"
4034,"Dextrose 10% in Water"
4035,"Dextrose 10% with 0.2% NaCl"
4036,"Dextrose 10% with 0.2% NaCl and KCl 20 mEq/L"
4037,"Dextrose 10% with 0.45% NaCl"
4038,"Dextrose 10% with 0.9% NaCl"
4040,"Dextrose 10% with Electrolytes (Electrolyte No. 48)"
4041,"Dextrose 2.5% in Water"
4042,"Dextrose 2.5% with 0.45% NaCl"
4043,"Dextrose 20% in Water"
4044,"Dextrose 25% in Water"
4045,"Dextrose 30% in Water"
4046,"Dextrose 40% in Water"
4047,"Dextrose 5% in Lactated Ringers Injection"
4048,"Dextrose 5% in Lactated Ringers with KCl 20 mEq/L"
4049,"Dextrose 5% in Lactated Ringers with KCl 40 mEq/L"
4050,"Dextrose 5% in Ringers Injection"
4051,"Dextrose 5% in Water"
4052,"Dextrose 5% in Water with KCl 10 mEq/L"
4053,"Dextrose 5% in Water with KCl 20 mEq/L"
4054,"Dextrose 5% in Water with KCl 30 mEq/L"
4055,"Dextrose 5% in Water with KCl 40 mEq/L"
4056,"Dextrose 5% with 0.11% NaCl"
4057,"Dextrose 5% with 0.2% NaCl"
4058,"Dextrose 5% with 0.2% NaCl and KCl 10 mEq/L"
4059,"Dextrose 5% with 0.2% NaCl and KCl 20 mEq/L"
4060,"Dextrose 5% with 0.2% NaCl and KCl 30 mEq/L"
4061,"Dextrose 5% with 0.2% NaCl and KCl 40 mEq/L"
4062,"Dextrose 5% with 0.225% NaCl"
4063,"Dextrose 5% with 0.3% NaCl"
4064,"Dextrose 5% with 0.33% NaCl"
4065,"Dextrose 5% with 0.33% NaCl and KCl 20 mEq/L"
4066,"Dextrose 5% with 0.33% NaCl and KCl 30 mEq/L"
4067,"Dextrose 5% with 0.33% NaCl and KCl 40 mEq/L"
4068,"Dextrose 5% with 0.45% NaCl"
4069,"Dextrose 5% with 0.45% NaCl and KCl 10 mEq/L"
4070,"Dextrose 5% with 0.45% NaCl and KCl 20 mEq/L"
4071,"Dextrose 5% with 0.45% NaCl and KCl 30 mEq/L"
4072,"Dextrose 5% with 0.45% NaCl and KCl 40 mEq/L"
4073,"Dextrose 5% with 0.9% NaCl"
4074,"Dextrose 5% with 0.9% NaCl and KCl 20 mEq/L"
4075,"Dextrose 5% with 0.9% NaCl and KCl 40 mEq/L"
4076,"Dextrose 5% with Electrolytes (Electrolyte #75)"
4077,"Dextrose 5% with Electrolytes (Electrolyte No. 48)"
4078,"Dextrose 5% with Electrolytes (Ionosol B)"
4079,"Dextrose 5% with Electrolytes (Ionosol MB)"
4080,"Dextrose 5% with Electrolytes (Ionosol T)"
4083,"Dextrose 5% with Electrolytes (Isolyte H)"
4084,"Dextrose 5% with Electrolytes (Isolyte M)"
4085,"Dextrose 5% with Electrolytes (Isolyte P)"
4086,"Dextrose 5% with Electrolytes (Isolyte R)"
4087,"Dextrose 5% with Electrolytes (Isolyte S)"
4088,"Dextrose 5% with Electrolytes (Normosol R/Plasma-Lyte 148)"
4089,"Dextrose 5% with Electrolytes (Normosol-M/Plasma-Lyte 56)"
4092,"Dextrose 50% in Water"
4093,"Dextrose 50% with Electrolytes (Electrolyte Pattern A)"
4095,"Dextrose 60% in Water"
4096,"Dextrose 70% in Water"
4097,"Electrolyte Solution (Isolyte-E)"
4098,"Electrolyte Solution (Plasma-Lyte 56)"
4099,"Invert Sugar 10% with Electrolytes (Travert with Electrolyte No.2)"
4100,"Invert Sugar 5% with Electrolytes (Travert with Electrolyte No.2)"
4101,"Lactated Ringers Injection"
4102,"maximum strength"
4103,"pediatric"
4104,"Ringers Injection"
4105,"Sodium Chloride 0.45%"
4106,"Sodium Chloride 0.9%"
4107,"Sodium Chloride 0.9% with KCl 20 mEq/L"
4108,"Sodium Chloride 0.9% with KCl 40 mEq/L"
4109,"Sodium Chloride 3%"
4110,"Sodium Chloride 5%"
4111,"triphasic"
4112,"varying strength"
4120,"acetate"
4457,"citrate"
5294,"phosphate"
5467,"sodium"
5491,"sodium phosphate"
5705,"zinc"
7226,"1.5%"
7227,"100 mg/5 mL"
7228,"325 mg-30 mg"
7229,"120 mg-12 mg/5 mL"
7230,"2.5%"
7231,"5 mg-6.25 mg"
7232,"10 mg-12.5 mg"
7233,"20 mg-12.5 mg"
7234,"20 mg-25 mg"
7235,"300 mg-15 mg"
7236,"300 mg-30 mg"
7237,"500 mg-5 mg"
7238,"100000 units/mL"
7239,"100000 units/g"
7240,"500 mg-2.5 mg"
7241,"500 mg-7.5 mg"
7242,"650 mg-7.5 mg"
7243,"650 mg-10 mg"
7244,"750 mg-7.5 mg"
7245,"325 mg-5 mg"
7246,"25 mg-15 mg"
7247,"25 mg-25 mg"
7248,"50 mg-15 mg"
7249,"50 mg-25 mg"
7250,"3.5%"
7251,"5.5%"
7253,"325 mg-50 mg"
7254,"25 mg-100 mg"
7255,"250 mg-250 mg"
7256,"25 mg-250 mg"
7257,"25 mg-10 mg"
7258,"250 mg/5 mL"
7259,"2.5 mg-10 mg"
7260,"300 mg/5 mL"
7261,"150 mg-250 mg"
7262,"250 mg-0.125 mg"
7263,"500 mg-0.125 mg"
7264,"1 mg-120 mg"
7265,"8 mg-60 mg"
7266,"2.5 mg-6.25 mg"
7267,"10 mg-6.25 mg"
7268,"15 mg-0.1 mg"
7269,"15 mg-0.2 mg"
7270,"15 mg-0.3 mg"
7271,"25 mg-0.125 mg"
7272,"25 mg-50 mg"
7273,"0.125 mg-50 mg"
7274,"0.5 mg-5 mg"
7275,"10 mg-25 mg"
7276,"400 mg-75 mg"
7277,"100 mg-20 mg/5 mL"
7278,"600 mg-75 mg"
7279,"200 mg-45 mg/5 mL"
7280,"400 mg-60 mg"
7281,"400 mg-120 mg"
7282,"600 mg-120 mg"
7283,"17.2%"
7284,"50 mg-0.125 mg"
7286,"5 mg-120 mg"
7287,"600 mg/ 5 mL"
7288,"0.05 mg/mL"
7289,"10.3%"
7290,"2.5 mg-0.1 mg"
7291,"1 g/mL"
7292,"0.1 mg-2 mg"
7293,"120 mg-60 mg"
7294,"25 mg-500 mg"
7295,"50 mg-50 mg"
7296,"100 mg-50 mg"
7297,"25 mg-15 mg-0.1 mg"
7298,"12.5 mg-20 mg"
7299,"25 mg-20 mg"
7300,"12.5 mg-50 mg"
7301,"15 mg-250 mg"
7302,"30 mg-500 mg"
7303,"50 mg-500 mg"
7304,"50 mg-100 mg"
7305,"50 mg-80 mg"
7306,"50 mg-120 mg"
7307,"50 mg-160 mg"
7308,"25 mg-40 mg"
7309,"25 mg-80 mg"
7310,"25 mg-37.5 mg"
7311,"50 mg-75 mg"
7312,"4.2%"
7313,"8.4%"
7314,"14.6%"
7315,"23.4%"
7316,"0.5 mg-1 mg"
7317,"2 mg-0.25 mg"
7318,"325 mg/5 mL"
7319,"600 mg/5 mL"
7320,"600 mg/15 mL"
7321,"500 mg-30 mg"
7322,"6.3%"
7323,"13.6%"
7324,"17.6%"
7325,"12.5%"
7326,"200 mg-30 mg"
7327,"6.4%"
7328,"320 mg/5 mL"
7329,"4.7%"
7330,"1.34 mg-75 mg"
7331,"750 mg/5 mL"
7332,"660 mg-10 mg"
7333,"10 mg-240 mg"
7334,"0.084 mg/inh"
7335,"100 mg-30 mg/5 mL"
7336,"42 mcg/inh"
7337,"1.1%"
7338,"1 mg-240 mg"
7339,"2 mg-240 mg"
7340,"2 mg-180 mg"
7341,"4 mg-240 mg"
7342,"5 mg-5 mg"
7343,"66.8%"
7344,"36.4%"
7345,"46.9%"
7346,"1.4%"
7347,"0.05%-1%"
7348,"4.3%"
7349,"200 mg-25 mg"
7350,"25 mg-60 mg"
7351,"18.9%"
7352,"2.2%"
7353,"1.8%"
7354,"3.3%"
7355,"180 mg-5 mg"
7356,"50 mg-200 mcg"
7357,"180 mg/5 mL"
7358,"160 mg-15 mg/5 mL"
7359,"1 mg-15 mg"
7360,"10000000 units/0.2 mL"
7361,"5000000 units/0.2 mL"
7362,"3000000 units/0.2 mL"
7363,"600 mg-90 mg"
7364,"600 mg-45 mg"
7365,"15 mg-100 mg-45 mg/5 mL"
7366,"8500 units/mL"
7367,"1000 mg-4 mg-30 mg-60 mg/30 mL"
7368,"875 mg"
7369,"8 mg-150 mg/5 mL"
7370,"250 mg-600 mg"
7371,"7.57 mg/mL"
7396,"13.8 mg"
7493,"5 mg-3 mg-20 mg-20 mg/5 mL"
7494,"15 mg-300 mg/5 mL"
7495,"0.05 mg-0.25 mg/24 hours"
7496,"0.05 mg-0.14 mg/24 hours"
7497,"250 mg-150 mg"
7498,"40000 units-8000 units-45000 units"
7499,"2 mg-2.5 mg-15 mg/5 mL"
7500,"100 mg-2.5 mg-15 mg/5 mL"
7501,"2.5 mg-5 mg-7.5 mg/5 mL"
7502,"262.5 mg-32.5 mg-30 mg"
7503,"2 g/7 g"
7504,"325 mg-2 mg-16 mg-10 mg"
7505,"260 mg-32 mg-100 mg-10 mg"
7506,"500 mg-25 mg-50 mg"
7507,"0.05 mg-0.25 mg"
7508,"5 mg-300 mg-30 mg/5 mL"
7509,"2 mg-10 mg/5 mL"
7510,"240 mg-16 mg-18.75 mg-120 mg"
7511,"2%-5%-3%"
7512,"62.5 mg/5 mL"
7540,"10%-1%-3%"
7541,"5%-2.5%"
7542,"313 mg"
7543,"0.027%-0.315%"
7544,"6000000 units/0.5 mL"
7545,"440 mg"
7546,"50 mg-1000 mg"
7559,"gluceptate 1 g"
7560,"acetate-betamethasone sodium phosphate 3 mg-3 mg"
7561,"dipropionate 100%"
7562,"valerate 100%"
7563,"sodium phosphate 100%"
7564,"benzoate 0.025%"
7565,"dipropionate 0.05%"
7566,"valerate 0.1%"
7567,"dipropionate, augmented 0.05%"
7568,"dipropionate 0.1%"
7569,"sodium 30 mg-100 mg"
7570,"potassium 30 mg-100 mg"
7571,"sodium 50 mg"
7572,"sodium 100 mg"
7573,"potassium 100 mg"
7574,"sodium 30 mg-60 mg/15 mL"
7575,"potassium 240 mg"
7576,"sodium 250 mg"
7577,"sodium 150 mg/15 mL"
7578,"sodium 60 mg/15 mL"
7579,"sodium 100 mg/30 mL"
7580,"sodium 50 mg/15 mL"
7581,"hydrochloride 500 mg"
7582,"monohydrate 250 mg"
7583,"monohydrate 500 mg"
7584,"derivatives 100 mg"
7585,"copper complex 100 mg"
7587,"0.67 mg/5 mL"
7591,"monohydrate 100%"
7592,"hydrochloride 100%"
7593,"phosphate 100%"
7613,"sulfate 15 mg"
7614,"sulfate 30 mg"
7615,"sulfate 60 mg"
7616,"phosphate 30 mg"
7617,"phosphate 60 mg"
7619,"lyophilized 100 mg"
7620,"lyophilized 200 mg"
7621,"lyophilized 500 mg"
7622,"6 mg-40 mg-2 mg/mL"
7623,"sodium 25 mg"
7624,"potassium 50 mg"
7625,"sodium 75 mg"
7626,"calcium 240 mg"
7627,"hyclate 100 mg"
7628,"monohydrate 50 mg"
7629,"monohydrate 100 mg"
7631,"lactobionate 500 mg"
7632,"lactobionate 1 g"
7633,"stearate 250 mg"
7634,"stearate 500 mg"
7635,"estolate 250 mg"
7636,"estolate 500 mg"
7637,"estolate 125 mg/5 mL"
7638,"estolate 250 mg/5 mL"
7639,"ethylsuccinate 200 mg"
7640,"ethylsuccinate 400 mg"
7641,"ethylsuccinate 100 mg/2.5 mL"
7642,"ethylsuccinate 200 mg/5 mL"
7643,"ethylsuccinate 400 mg/5 mL"
7644,"cypionate 5 mg/mL"
7645,"valerate 10 mg/mL"
7646,"valerate 20 mg/mL"
7647,"valerate 40 mg/mL"
7648,"cypionate 2 mg-50 mg/mL"
7649,"valerate-enanthate 4 mg-90 mg/mL"
7650,"micronized 1.5 mg"
7651,"micronized 3 mg"
7652,"micronized 6 mg"
7653,"ultramicrocrystalline 125 mg"
7654,"ultramicrocrystalline 250 mg"
7655,"ultramicrocrystalline 165 mg"
7656,"ultramicrocrystalline 330 mg"
7657,"microcrystalline 250 mg"
7658,"microcrystalline 500 mg"
7659,"microcrystalline 125 mg/5 mL"
7660,"acetate 40 mg/mL"
7661,"acetate 50 mg/mL"
7663,"valerate 0.2%"
7664,"butyrate 0.1%"
7665,"buteprate 0.1%"
7666,"pamoate 75 mg"
7667,"pamoate 100 mg"
7668,"pamoate 125 mg"
7669,"pamoate 150 mg"
7670,"lispro 100 units/mL"
7671,"isophane 100 units/mL"
7672,"isophane pork 100 units/mL"
7673,"isophane human recombinant 100 units/mL"
7674,"regular pork 100 units/mL"
7675,"regular human recombinant 500 units/mL"
7676,"zinc 100 units/mL"
7677,"zinc extended human recombinant 100 units/mL"
7678,"zinc pork purified 100 units/mL"
7679,"zinc human recombinant 100 units/mL"
7680,"isophane-regular human recombinant 70 units-30 units/mL"
7681,"isophane-regular human recombinant 50 units-50 units/mL"
7682,"isophane-regular pork 70 units-30 units/mL"
7683,"regular 100 units/mL"
7684,"regular 500 units/mL"
7696,"mandelate 1 g"
7697,"mandelate 0.5 g/5 mL"
7698,"mandelate 0.5 g"
7699,"mandelate 100%"
7700,"hippurate 1 g"
7701,"hippurate 100%"
7702,"decanoate 25 mg/mL"
7703,"enanthate 25 mg/mL"
7704,"decanoate 50 mg/mL"
7705,"decanoate 100 mg/mL"
7706,"decanoate 200 mg/mL"
7707,"phenpropionate 25 mg/mL"
7708,"phenpropionate 50 mg/mL"
7709,"sodium 275 mg"
7710,"sodium 220 mg"
7711,"sodium 412.5 mg"
7712,"sodium 100%"
7713,"macrocrystals 25 mg"
7714,"macrocrystals 50 mg"
7716,"macrocrystals-monohydrate 100 mg"
7717,"G benzathine 300000 units/mL"
7718,"G benzathine 600000 units/mL"
7719,"G benzathine-procaine 150000 units-150000 units/mL"
7720,"G benzathine-procaine 300000 units-300000 units/mL"
7721,"G benzathine-procaine 900000 units-300000 units/mL"
7722,"G potassium 1000000 units/50 mL"
7723,"G potassium 2000000 units/50 mL"
7724,"G potassium 3000000 units/50 mL"
7725,"G potassium 1000000 units"
7726,"G potassium 5000000 units"
7727,"G potassium 10000000 units"
7728,"G potassium 20000000 units"
7729,"G procaine 600000 units/mL"
7730,"G sodium 5000000 units"
7735,"napsylate 325 mg-50 mg"
7736,"napsylate 650 mg-100 mg"
7737,"hydrochloride 650 mg-65 mg"
7738,"hydrochloride 65 mg"
7739,"napsylate 100 mg"
7740,"tebutate 20 mg/mL"
7741,"acetate 80 mg/mL"
7742,"sodium phosphate 20 mg/mL"
7743,"sodium phosphate 5 mg/mL"
7744,"acetate 0.12%"
7745,"acetate 0.125%"
7746,"acetate 1%"
7747,"sodium phosphate 0.125%"
7748,"sodium phosphate 1%"
7756,"bacteriostatic"
7757,"bacteriostatic 0.9%"
7758,"80 mg-16 mg/mL"
7759,"200 mg-40 mg/5 mL"
7760,"400 mg-80 mg"
7761,"800 mg-160 mg"
7767,"regular human recombinant 100 units/mL"
7768,"hyclate 50 mg"
7769,"sodium phosphate 50 mg/mL"
7770,"acetate 25 mg/mL"
7771,"cypionate 10 mg/5 mL"
7772,"sodium 550 mg"
7773,"macrocrystals 100 mg"
7778,"V potassium 125 mg/5 mL"
7779,"V potassium 250 mg/5 mL"
7780,"V potassium 250 mg"
7781,"V potassium 500 mg"
7787,"7.5 mg/mL"
7790,"600 mcg"
7791,"800 mcg"
7792,"1200 mcg"
7793,"1600 mcg"
7797,"403 mg"
7799,"20 mg-283 mg"
7804,"micronized 100%"
7805,"propionate 100%"
7806,"propionate micronized 100%"
7807,"propionate 100 mg/mL"
7808,"enanthate 200 mg/mL"
7809,"cypionate 100 mg/mL"
7810,"cypionate 200 mg/mL"
7812,"enanthate 100 mg/mL"
7813,"pork 100 units/mL"
7814,"human recombinant 100 units/mL"
7815,"human recombinant 500 units/mL"
7816,"pork 500 units/mL"
7817,"beef-pork 100 units/mL"
7818,"human recombinant 70 units-30 units/mL"
7819,"human recombinant 50 units-50 units/mL"
7820,"pork 70 units-30 units/mL"
7821,"hydrochloride 25 mg/mL"
7822,"hydrochloride 50 mg/mL"
7824,"hydrochloride 10 mg"
7825,"hydrochloride 25 mg"
7826,"hydrochloride 50 mg"
7827,"hydrochloride 100 mg"
7828,"pamoate 25 mg"
7829,"pamoate 50 mg"
7830,"pamoate 25 mg/mL"
7831,"pamoate 50 mg/mL"
7832,"hydrochloride 10 mg/5 mL"
7833,"pamoate 25 mg/5 mL"
7845,"lyophilized 1 g"
7846,"lyophilized 2 g"
7854,"100 mg-12.5 mg/5 mL"
7860,"7.5 mg/0.8 mL"
7862,"650 mg-20 mg-60 mg/30 mL"
7871,"Sodium Chloride 2.5%"
7876,"30 mcg/0.5 mL"
7878,"hemihydrate 0.25%"
7879,"hemihydrate 0.5%"
7890,"1 g-100 mg"
7892,"monophosphate 100%"
7893,"triphosphate 100%"
7894,"human"
7895,"recombinant"
7896,"with sorbitol 25 g"
7897,"with sorbitol 50 g"
7898,"alpha 100 intl units"
7899,"alpha 1000 intl units"
7900,"15 units-10 units/0.5 mL"
7901,"12.5 units-5 units/0.5 mL"
7902,"10 units-5 units/0.5 mL"
7903,"2 units-10 units/0.5 mL"
7904,"2 units-5 units/0.5 mL"
7905,"2 units-2 units/0.5 mL"
7906,"borate 0.5%"
7907,"borate 1%"
7908,"borate 2%"
7909,"triphasic 0.5 mg-1 mg-0.5 mg"
7910,"triphasic 0.5 mg-0.75 mg-1 mg"
7911,"triphasic 20 mcg-30 mcg-35 mcg"
7912,"alpha 75 intl units"
7913,"beta 75 intl units"
7914,"single dose 600 mg/day"
7915,"single dose 1000 mg/day"
7916,"single dose 1200 mg/day"
7917,"multiple dose 600 mg/day"
7918,"multiple dose 1000 mg/day"
7919,"multiple dose 1200 mg/day"
7920,"preserved 0.9%"
7921,"ADC"
7922,"ADC 0.25 mg/mL"
7923,"ADC 0.5 mg/mL"
7924,"ADC 1 mg/mL"
7925,"preserved"
7926,"resin 15 mg"
7927,"resin 30 mg"
7928,"nitrate 1%"
7929,"nitrate 2%"
7930,"nitrate 4%"
7931,"Ringers"
7932,"Lactated Ringers"
7933,"Urologic G"
7934,"Physiosol"
7935,"Physiolyte"
7936,"4 units/0.5 mL"
7937,"5 units/0.5 mL"
7938,"10 units/0.5 mL"
7939,"0.25% sodium phosphate-10%"
7940,"reagent grade 100%"
7941,"with cinoxate"
7942,"porcine"
7943,"Tis-U-Sol"
7948,"6.6 mg/mL"
7949,"400 mg-5 mg"
7950,"400 mg-7.5 mg"
7951,"400 mg-10 mg"
7954,"9000 units"
7959,"150 mcg/mL"
7969,"1.1 mg"
7978,"11.2 mg/mL"
7982,"25.5 mg/mL"
7983,"40 mg-3.5 mg-10000 units/g"
7985,"500 units-10000 units-10 mg/g"
8001,"recombinant 1 mg"
8004,"sodium phosphate 5 mg/5 mL"
8008,"15 mg-0.3 mg-150 mg"
8040,"0.63 mg/3 mL"
8041,"1.25 mg/3 mL"
8063,"Electrolyte Solution (Plasma-Lyte)"
8082,"20 mg-362 mg"
8083,"12.5 mg-150 mg"
8084,"12.5 mg-300 mg"
8091,"synthetic 0.625 mg"
8092,"synthetic 0.9 mg"
8109,"buffered 325 mg"
8110,"buffered 500 mg"
8111,"with camphor and menthol"
8112,"with menthol"
8113,"complex, human"
8114,"18 mcg-25 mcg/ 0.5 mL"
8116,"25 mcg-10 mcg/0.5 mL"
8117,"15 mcg-250 mcg/0.5 mL"
8118,"7.5 mcg-125 mcg/0.5 mL"
8119,"0.12 mg-81.6 mg-10.8 mg-36.2 mg"
8120,"0.03 mg-40.8 mg-5.4 mg-18.1 mg"
8121,"0.06 mg-81.6 mg-10.8 mg-36.2 mg"
8122,"Lipotropic with Multivitamins"
8123,"Vitamin B Complex with C"
8124,"Multiple Vitamins"
8125,"Therapeutic Multiple Vitamins"
8126,"Vitamin B Complex"
8127,"Vitamin A and D"
8128,"Vitamin C and E"
8129,"Multiple Vitamins with Fluoride 0.5 mg"
8130,"Multiple Vitamins with Fluoride 0.25 mg/mL"
8131,"Vitamin A, D and C with Fluoride 1 mg"
8132,"Vitamin A, D and C with Fluoride 0.5 mg"
8133,"Vitamin A, D and C with Fluoride 025 mg/mL"
8134,"Multiple Vitamins with Fluoride 1 mg"
8135,"Vitamin B Complex with C, Folic Acid and Iron"
8136,"Vitamin B Complex with C and Iron"
8137,"B Vitamins with Iron and Intrinsic Factor"
8138,"Multiple Vitamins with Iron"
8139,"Vitamin B Complex with C, Folic Acid, Iron and Docusate"
8140,"Multiple Vitamins with Folic Acid and Iron"
8141,"acetonide 40 mg/mL"
8142,"diacetate 40 mg/mL"
8143,"with Zinc Oxide"
8144,"with Cod Liver Oil and Zinc Oxide"
8145,"with Cod Liver Oil"
8146,"with Cod Liver Oil, Dimethicone and Zinc Oxide"
8147,"with mixed tocopherols 1000 intl units"
8148,"d-alpha 200 intl units"
8149,"with mixed tocopherols 200 intl units"
8150,"d-alpha 400 intl units"
8151,"dl-alpha 400 intl units"
8152,"with mixed tocopherols 400 intl units"
8153,"dl-alpha 600 intl units"
8154,"with Docusate"
8155,"Multiple Vitamins with Minerals"
8156,"Therapeutic Multiple Vitamins with Minerals"
8157,"Multiple Vitamins with Iron and Fluoride 0.25 mg"
8158,"Multiple Vitamins with Iron and Fluoride 0.5 mg"
8159,"Multiple Vitamins with Iron and Fluoride 1 mg"
8160,"Prenatal Multivitamins"
8161,"Prenatal Multivitamins with Docusate"
8162,"Multiple Vitamins with Iron and Fluoride 0.5 mg/mL"
8163,"Vitamin A, C, D with Iron and Fluoride 0.25 mg/mL"
8164,"Vitamin A, D and C with Iron and Fluoride 1 mg"
8165,"Vitamin A, D and C with Iron and Fluoride 0.5 mg"
8167,"Calcium and Magnesium"
8168,"Calcium, Magnesium and Zinc"
8169,"Multiple Vitamins with Calcium"
8170,"B Complex with C and Zinc"
8171,"Vitamin C with Zinc"
8172,"Antioxidant Multiple Vitamins and Minerals"
8173,"Magnesium Oxide and Pyridoxine"
8176,"10 mcg-25 mcg/0.5 mL"
8177,"10 mcg-24 mcg/0.5 mL"
8178,"Vitamin A, D and C"
8179,"Pediatric Multiple Vitamins"
8180,"Multiple Vitamins with Iron and Fluoride 0.25 mg/mL"
8181,"Pediatric Multiple Vitamins with Iron"
8182,"Vitamin B Complex with C and Folic Acid"
8183,"Vitamin A, D and C with Iron"
8184,"Vitamin A, D and C with Iron and Fluoride 0.25 mg/mL"
8185,"Multiple Vitamins with Fluoride 0.25 mg"
8186,"Vitamin B12 with Folic Acid and Iron"
8187,"Vitamin B Complex with Iron"
8188,"Vitamin A, D, and C with Fluoride 0.25 mg"
8189,"Vitamin A, D and C with Fluoride 0.5 mg/mL"
8190,"Multiple Vitamins with Fluoride 0.5 mg/mL"
8191,"Vitamin A, D and C with Fluoride 0.25 mg/mL"
8193,"18 mcg-25 mcg/0.5 mL"
8194,"Vitamin D with Minerals"
8195,"Vitamin B Complex with Vitamin C and E"
8196,"Multiple Vitamins with Zinc"
8197,"Vitamin B Complex with C and Zinc"
8199,"Vitamin B Complex with C and Minerals"
8200,"with analgesic balm 0.25%"
8201,"Vitamin B Complex with Iron and Intrinsic Factor"
8202,"Balanced Salt Solution"
8203,"Balanced Salt Solution Plus"
8204,"4 mcg-0.4 mg-0.1 mg-20 mcg-25 mcg/mL"
8205,"4 mcg-0.4 mg-0.1 mg-25 mcg-20 mcg/mL"
8206,"1 mcg-0.1 mg-0.025 mg-15 mcg-1 mg/mL"
8207,"4 mcg--0.4 mcg-0.1 mg-20 mcg-1 mg/mL"
8208,"with aloe vera"
8210,"4 mg-0.4 mg-0.1 mg-1 mg/mL"
8211,"10 mcg-1 mg-0.5 mg-60 mcg-5 mg/mL"
8212,"421.5 mg"
8214,"3.5 mg-10000 units-10 mg/g"
8215,"500 units-3.5 mg-10000 units-10 mg/g"
8216,"400 units-3.5 mg-10000 units-10 mg/g"
8218,"sodium 421.5 mg"
8228,"2.5 mcg"
8233,"72.5 mg-650 mg/0.82 mL"
8238,"2 mg-5 mg-30 mg/5 mL"
8242,"60 mg-1200 mg-75 mg"
8243,"60 mg-1200 mg"
8244,"1200 mg-75 mg"
8246,"0.5%-0.5%"
8259,"500 mcg/0.1 mL"
8260,"30 mg-200 mg-10 mg/5 mL"
8270,"60 mg-5 mg-10 mg"
8271,"5 mg-30 mg/5 mL"
8273,"30 mg-4 mg-5 mg/5 mL"
8274,"500 mg-8 mg-40 mg"
8281,"250 mcg/0.5 mL"
8283,"500 mg-200 intl units"
8284,"166 mg"
8295,"65 mg-10 mg"
8297,"160 mg-5 mg-15 mg"
8298,"1000 mg-30 mg-400 mg-60 mg"
8301,"150 mg-350 mg"
8445,"citrate 20 mg/mL"
8463,"0.064 mg/inh"
8479,"5 mcg-1 mg"
8484,"1200 mg-2%"
8489,"325 mg-2.5 mg"
8490,"30 mg-575 mg-60 mg"
8504,"500 mg-4 mg-20 mg-60 mg/15 mL"
8505,"500 mg-20 mg-60 mg/15 mL"
8575,"220 mg-120 mg"
8593,"5%-1 g/200 mL"
8596,"13.5 mg"
8597,"18 mg"
8610,"25 units-75 units/mL"
8614,"micronized 4.5 mg"
8621,"2 mg-3 mg-15 mg/5 mL"
8622,"30 mg-600 mg-45 mg"
8623,"100 mg-3 mg-15 mg/5 mL"
8626,"15 mcg/mL"
8634,"134 mg"
8656,"450 mg/5 mL"
8657,"675 mg/5 mL"
8704,"15 mg/1.25 mL"
8734,"0.5 mmol/mL"
8735,"2%-0.01%"
8745,"200000000 organisms/mL"
8776,"25000 units-4000 units-25000 units"
8778,"0.75 mg/mL"
8780,"synthetic 1.25 mg"
8792,"blue"
8798,"green"
8800,"orange"
8882,"1 mg-0.5 mg"
8885,"400 mg-135 mg/5 mL"
8886,"62.5 mg"
9214,"1%-0.05%"
9266,"1.2 mg"
9268,"1.2%"
9299,"1.4 mg"
9385,"10 mg-20 mg"
9394,"10%-1%"
9537,"12 mcg"
9539,"12 mg/mL"
9661,"15 mg-65 mg"
9691,"150 mcg"
9836,"2 mcg"
9894,"2.4 mg"
9931,"20 mg-10 mg"
9963,"200 mg-300 mg"
10101,"250 mg-10 mg-30 mg"
10339,"0.13%-2.5%"
10371,"0.2 mg-0.6 mg-40 mg"
10392,"0.25 mg/5 mL"
10487,"0.6 mg/mL"
10548,"1 mcg"
10549,"1 mg-3 mg"
10562,"1%-10%"
10693,"311 mg"
10716,"325 mg-20 mg-10 mg"
10795,"35%"
10831,"37 mg"
10855,"380 mg"
11177,"500 mg-12.5 mg-30 mg"
11185,"500 mg-32 mg"
11354,"60 mg-1000 mg"
11371,"600 mg-300 mg"
11728,"96%"
12697,"1.25%"
12811,"10%-4%"
13176,"17 mg"
13369,"200 mg-100 mg"
13375,"200 mg-250 mg"
13420,"210%"
13502,"25 mg-6 mg"
13675,"3.5 mg"
13696,"30 mg/0.3 mL"
13753,"325 mg-10 mg-30 mg"
13770,"326 mg/3 g"
13942,"40 mg/0.4 mL"
14079,"5 g/7.5 g"
14089,"5 mg/100 mL"
14158,"50 mg-12 mg"
14194,"500 mg-1%"
14399,"650 mg-20 mg-10 mg"
14571,"8.6 mg"
14664,"9 mg/mL"
14987,"diluent"
15610,"4%-1:100000"
15634,"alpha 37.5 intl units"
15640,"6 mg/mL"
15644,"9000000 units/0.5 mL"
15646,"60000 units-16000 units-60000 units"
15654,"13.9%"
15656,"1.25 mg-250 mg"
15657,"2.5 mg-500 mg"
15658,"5 mg-500 mg"
15668,"1200 mg-120 mg"
15672,"Calcium with Vitamin D and K"
15673,"250 mg-100 mg"
15674,"62.5 mg-25 mg"
15678,"500 mg-100 intl units-40 mcg"
15687,"30000 units-24000 units-30000 units"
15688,"15000 units-12000 units-15000 units"
15692,"100 mcg-50 mcg"
15693,"250 mcg-50 mcg"
15694,"500 mcg-50 mcg"
15696,"0.15%"
15698,"600 mcg/mL"
15699,"800 mg-60 mg"
15700,"30 mg-800 mg-60 mg"
15713,"16 mg-12.5 mg"
15714,"32 mg-12.5 mg"
15726,"20 mcg-720 units/mL"
15730,"alpha 150 intl units"
15745,"120 mg/100 mL-0.9%"
15776,"133.3 mg-33.3 mg"
15781,"40 mcg/inh"
15782,"80 mcg/inh"
15783,"800 mg-80 mg"
15785,"600 mg-20 mg"
15789,"4.8 mg"
15790,"400 mg-100 mg/5 mL"
15792,"5 mg-25 mg/0.5 mL"
15793,"2 mg-15 mg/mL"
15794,"2 mg-4 mg-15 mg/mL"
15795,"750 mg/150 mL"
15796,"2 mg-5 mg-50 mg-12.5 mg/5 mL"
15797,"70 mg"
15800,"0.25 mg/drop"
15801,"0.125 mg/drop"
15802,"800 mg-10 mg-165 mg"
15811,"5 mg-100 mg-15 mg/2.5 mL"
15812,"200 mg-2.5 mg/5 mL"
15823,"300 mg-150 mg-300 mg"
15841,"12.5 mg-40 mg"
15848,"5 mg/1.5 mL"
15849,"10 mg/1.5 mL"
15850,"15 mg/1.5 mL"
15851,"325 mg-15 mg-200 mg-30 mg"
15852,"80 mg-6.25 mg-7.5 mg"
15853,"160 mg-12.5 mg-15 mg/5 mL"
15854,"80 mg-7.5 mg"
15856,"1000 mg-30 mg-12.5 mg-60 mg/30 mL"
15858,"500 mg-6.25 mg-30 mg"
15860,"sodium phosphate 15 mg/5 mL"
15861,"54 mg"
15862,"2 mg-10 mg-10 mg/5 mL"
15863,"20 mg-100 mg-10 mg/5 mL"
15867,"325 mg-7.5 mg"
15868,"750 mg-10 mg"
15869,"600 mg-15 mg"
15876,"0.1%-1%"
15877,"100 mg-15 mg/5 mL"
15882,"200 mg/20 mL"
15890,"160 mcg/mL"
15891,"240 mcg/mL"
15892,"5%-1%"
15917,"52 mg"
15918,"1200 mg-90 mg"
15919,"325 mg-0.335 mg-30 mg"
15933,"100 mg-5 mg-15 mg/5 mL"
15934,"10 mg-120 mg"
15935,"20 mg-100 mg-15 mg/5 mL"
15938,"0.004%"
15948,"4 mg-15 mg-10 mg/5 mL"
15954,"1.6 mg"
15955,"1.8 mg"
16039,"800 mg-45 mg"
16040,"800 mg-90 mg"
16041,"30 mg-800 mg-45 mg"
16042,"60 mg-800 mg-90 mg"
16043,"10 mg-200 mg-15 mg/5 mL"
16055,"25000 intl units"
16057,"8000 intl units/mL"
16074,"3 mg-0.03 mg"
16082,"700 mg-80 mg"
16083,"30 mg-550 mg-60 mg"
16087,"3 mg-0.5 mg/3 mL"
16094,"1000 mg/5 mL"
16101,"2.5 mg-125 mg"
16102,"2.5 mg-120 mg"
16113,"60 mg-800 mg"
16116,"1200 intl units"
16117,"0.5%-3%"
16118,"44 mcg"
16120,"325 mg-37.5 mg"
16125,"712.8 mg-60 mg-32 mg"
16132,"720 units-20 mcg/mL"
16134,"2 mg-15 mg-30 mg/15 mL"
16157,"alpha 1200 intl units"
16158,"16 mg-16 mg-80 mg-16 mg"
16159,"8 mg-8 mg-40 mg-8 mg"
16160,"1 mg-15 mg/mL"
16161,"1 mg-4 mg-15 mg/mL"
16162,"4 mg-45 mg/5 mL"
16163,"4 mg-15 mg-45 mg/5 mL"
16164,"4.5 mg-5 mg/5 mL"
16165,"30 mg-4 mg/5 mL"
16167,"100 mg-7.5 mg/5 mL"
16168,"600 mg-30 mg"
16169,"100 mg-5 mg-7.5 mg/5 mL"
16171,"600 mg-42.9 mg/5 mL"
16172,"60 mcg/mL"
16178,"0.015 mg-0.120 mg"
16196,"0.042%"
16199,"0.021%"
16202,"100 mg/0.67 mL"
16211,"0.75 mg-6 mg"
16213,"20 mcg-150 mcg/24 hr"
16225,"1200 mg-60 mg"
16226,"2 mg-2 mg-7.5 mg/5 mL"
16228,"microemulsion 100 mg/mL"
16229,"microemulsion 25 mg"
16230,"microemulsion 100 mg"
16231,"hyclate 75 mg"
16234,"400 mg/250 mL"
16239,"30 mg-4 mg-12.5 mg/5 mL"
16240,"108 mg"
16242,"sodium phosphate 25 mg/mL"
16267,"2.5 mg/0.5 mL"
16275,"20 mg-500 mg"
16276,"20 mg-750 mg"
16277,"20 mg-1000 mg"
16285,"400 units"
16290,"60 mg-5 mg"
16291,"4.5 mg-25 mg-75 mg/5 mL"
16293,"30 mg-600 mg-15 mg"
16294,"5 mg-15 mg/5 mL"
16295,"50 mg-15 mg/5 mL"
16296,"160 mg-1 mg-7.5 mg-15 mg/5 mL"
16297,"160 mg-5 mg-15 mg/1.6 mL"
16304,"1 mg-5 mg/5 mL"
16317,"1 mg-15 mg/5 mL"
16332,"60 mg-1200 mg-120 mg"
16333,"8 mg-2.5 mg-90 mg"
16338,"0.31 mg/3 mL"
16339,"23 mg/mL"
16344,"6 mg/0.6 mL"
16349,"2 mg-5 mg-10 mg/5 mL"
16350,"2.5 mg-120 mg/5 mL"
16360,"0.01%-4%-0.05%"
16361,"12.5 mg-30 mg"
16362,"buffered 81 mg"
16363,"125 mg-200 mg"
16365,"15.000 mg /  30.000 mL"
16366,"15 mg/30 mL"
16367,"30 mg/30 mL"
16382,"325 mg-10 mg-6.25 mg-30 mg"
16383,"325 mg-2 mg-10 mg-30 mg"
16384,"250 mg-2 mg-5 mg"
16385,"2 mg-10 mg-5 mg"
16386,"250 mg-5 mg"
16388,"120 mg/24 hours"
16389,"180 mg/24 hours"
16390,"240 mg/24 hours"
16391,"300 mg/24 hours"
16392,"360 mg/24 hours"
16393,"420 mg/24 hours"
16394,"0.05 mg/24 hours weekly"
16395,"0.05 mg/24 hours twice weekly"
16398,"0.1 mg/24 hours weekly"
16399,"0.1 mg/24 hours twice weekly"
16400,"0.0375 mg/24 hours twice weekly"
16401,"0.075 mg/24 hours twice weekly"
16402,"0.025 mg/24 hours twice weekly"
16403,"100 mg/24 hours"
16404,"200 mg/24 hours"
16405,"400 mg/24 hours"
16406,"600 mg/24 hours"
16409,"1000 mg/12 hours"
16410,"500 mg/12 hours"
16411,"0.0375 mg/24 hours weekly"
16412,"0.075 mg/24 hours weekly"
16413,"0.025 mg/24 hours weekly"
16418,"500 mg-2 mg-15 mg"
16419,"1940 mg-1343 mg"
16420,"10 mg-6.25 mg-5 mg"
16422,"0.12%-2.9%"
16445,"2 mg-1.25 mg-15 mg/5 mL"
16455,"12.5 mg-15 mg"
16510,"Plegisol"
16532,"22 mcg"
16537,"315 mg-200 intl units"
16539,"mesylate 200 mg"
16578,"8 mg-90 mg"
16592,"G benzathine-procaine 900000 units-300000 units/2 mL"
16598,"5 g/5 g"
16601,"synthetic 16 mcg"
16611,"90 mg/24 hours"
16612,"60 mg/24 hours"
16613,"30 mg/24 hours"
16643,"1 g-1 g"
16644,"3 g-1 g"
16666,"25 mg-160 mg"
16670,"4 mg-30 mg-60 mg/5 mL"
16723,"15 units-23 mcg-5 units/0.5 mL"
16734,"0.77%"
16740,"2000000 units/0.5 mL"
16741,"37.9 mg/mL"
16749,"Dextrose 1.5% with Electrolytes (Dialyte)"
16750,"Dextrose 1.5% with Electrolytes (Dianeal PD-2)"
16751,"Dextrose 2.5% with Electrolytes (Dianeal PD-2)"
16752,"Dextrose 3.5% with Electrolytes (Dianeal PD-2)"
16753,"Dextrose 4.25% with Electrolytes (Dianeal PD-2)"
16754,"Dextrose 1.5% with Electrolytes (Dianeal Low Calcium)"
16755,"Dextrose 2.5% with Electrolytes (Dianeal Low Calcium)"
16756,"Dextrose 3.5% with Electrolytes (Dianeal Low Calcium)"
16757,"Dextrose 4.25% with Electrolytes (Dianeal Low Calcium)"
16778,"4 mg-20 mg-40 mg"
16783,"vaccine 50 mg"
16788,"500 units-40 mg-3.5 mg-10,000 units/g"
16789,"400 units-50 mg-3.5 mg-5000 units/g"
16794,"synthetic 0.3 mg"
16798,"2 g-0.25 g/50 mL"
16799,"3 g-0.375 g/50 mL"
16800,"4 g-0.5 g/100 mL"
16894,"400 units-3.5 mg-10000 units/g"
16901,"5 mg-350 mg/5 mL"
16902,"250 mg-10 mg"
16903,"550 mg-60 mg"
16904,"525 mg-120 mg"
16917,"0.5 mg/mL preservative-free"
16918,"1 mg/mL preservative-free"
16920,"10 mg/mL preservative-free"
16921,"25 mg/mL preservative-free"
16922,"50 mg/mL preservative-free"
16931,"2000000 intl units/0.5 mL"
16936,"triphasic 35 mcg"
16937,"triphasic 25 mcg"
16938,"equine 50 mg/mL"
16939,"rabbit 25 mg"
16940,"beef lung 10000 units/mL"
16941,"beef lung 5000 units/mL"
16942,"beef lung 1000 units/mL"
16965,"32 mg-595 mg-48 mg"
16966,"15 mg-100 mg-40 mg/5 mL"
16967,"8 mg-80 mg"
16968,"2 mg-25 mg/5 mL"
16971,"1000 mg-62.5 mg"
16981,"2.5 mg-25 mg-75 mg/5 mL"
16986,"2 mg-0.5 mg"
16987,"8 mg-2 mg"
16999,"500 mg-1 mg"
17000,"500 mg-2 mg"
17001,"500 mg-4 mg"
17002,"0.25 mg/2 mL"
17003,"0.5 mg/2 mL"
17011,"180 mcg/mL"
17013,"0.12 mg-81 mg-10.8 mg-32.4 mg"
17025,"2.5 mg-250 mg"
17035,"2 mg-15 mg-6 mg/5 mL"
17043,"750 mcg/3 mL"
17047,"18 mcg"
17051,"2 mg/10 mL"
17088,"600 mg-12.5 mg"
17091,"130 mg-80 mg/15 mL"
17092,"4 mg-30 mg/5 mL"
17094,"anhydrous 100%"
17096,"30 units-70 units/mL"
17117,"7.5 mg-15 mg"
17118,"3000 units-500 intl units/mL"
17121,"160 mg-15 mg"
17122,"4.7%-2.6%"
17123,"4.8%-2.6%"
17130,"3.2 mg/2 mL"
17136,"225 intl units-250 mcg"
17139,"5 g/50 mL"
17141,"60 mg-10 mg-40 mg"
17142,"30 mg-5 mg-30 mg/5 mL"
17148,"3.9 mg/24 hr"
17149,"60 mg-1200 mg-60 mg"
17152,"0.1%-2 mcg/mL-0.9%"
17153,"0.125%-2 mcg/mL-0.9%"
17154,"0.0625%-4 mcg/mL-0.9%"
17155,"0.1%-4 mcg/mL-0.9%"
17156,"0.0375%-5 mcg/mL-0.9%"
17157,"0.0625%-5 mcg/mL-0.9%"
17158,"0.1%-5 mcg/mL-0.9%"
17159,"0.125%-5 mcg/mL-0.9%"
17160,"0.1%-10 mcg/mL-0.9%"
17161,"0.25%-20 mcg/mL-0.9%"
17166,"3 g-100 mg"
17172,"0.45 mg-1.5 mg"
17181,"125 mg-80 mg"
17188,"7500 intl units-5500 intl units"
17198,"254 mg-237.5 mg/5 mL"
17201,"0.0625%-0.9%"
17202,"0.1%-0.9%"
17203,"0.125%-0.9%"
17204,"0.25%-0.9%"
17208,"L-arginine 1 g"
17209,"L-arginine 10 g"
17210,"L-arginine 2 g"
17224,"25 mg-7.5 mg/5 mL"
17225,"2 mg-200 mg-30 mg"
17226,"2 mg-5 mg-50 mg-30 mg/5 mL"
17227,"25 mg-75 mg"
17228,"25 mg-75 mg/5 mL"
17234,"15.75 mg"
17243,"20 mg/inh"
17249,"2.9 mg/5 mL"
17254,"2.5 mg-0.5 mg/3 mL"
17255,"90 mcg-18 mcg/inh"
17259,"2 mg-7.5 mg-15 mg/5 mL"
17260,"7.5 mg-100 mg-15 mg/5 mL"
17267,"probutate 0.1%"
17270,"1000 mg-60 mg"
17282,"50 mg-8.6 mg"
17283,"300 mg-2.5 mg"
17284,"4.5 mg-300 mg/5 mL"
17285,"1%-25%"
17287,"8 mg-1.25 mg-60 mg"
17288,"20 mg-1200 mg-40 mg"
17289,"0.12 mg-120 mg-10 mg-36 mg"
17291,"Calcium, Folic Acid and Magnesium"
17309,"595 mg-48 mg"
17310,"795 mg-85 mg"
17313,"Cardioplegic"
17314,"Amino Acids 4.25% with 5% Dextrose and Electrolytes (Travasol Dual Chamber)"
17318,"800 mg-25 mg"
17319,"12.5 mg-200 mg-50 mg"
17320,"25 mg-200 mg-100 mg"
17321,"37.5 mg-200 mg-150 mg"
17322,"0.45 mg"
17323,"0.3 mg-1.5 mg"
17325,"5 mg-75 mg/5 mL"
17326,"2 mg-15 mg-15 mg/5 mL"
17327,"3 mg-150 mg/5 mL"
17328,"2 mg-20 mg/5 mL"
17330,"275 mg-25 mg"
17351,"(Lypholyte/Nutrilyte)"
17352,"(Hyperlyte/Multilyte-40)"
17353,"(Hyperlyte R/Multilyte-20)"
17356,"(TPN Electrolytes II)"
17357,"(TPN Electrolytes III)"
17358,"(Hyperlyte CR)"
17359,"(Tracelyte)"
17360,"(Tracelyte II)"
17361,"(Tracelyte Double Electrolytes)"
17362,"(Tracelyte II Double Electrolytes)"
17382,"(Lypholyte II/Nutrilyte II/TPN Electrolytes)"
17385,"2.5 mg-3.5 mg-10 mg/5 mL"
17386,"15 mg-200 mg-40 mg/5 mL"
17387,"5 mg-5 mg-5 mg/5 mL"
17390,"2 mg-3.5 mg-7.5 mg/5 mL"
17395,"325 mg-20 mg"
17396,"325 mg-40 mg"
17397,"325 mg-80 mg"
17398,"81 mg-20 mg"
17399,"81 mg-40 mg"
17400,"81 mg-80 mg"
17401,"buffered 81 mg-20 mg"
17402,"buffered 81 mg-40 mg"
17403,"buffered 81 mg-80 mg"
17404,"buffered 325 mg-20 mg"
17405,"buffered 325 mg-40 mg"
17406,"buffered 325 mg-80 mg"
17407,"225 mg-200 mg-25 mg/5 mL"
17424,"1.1 mg/mL"
17428,"monohydrate 75 mg"
17430,"0.2 mg-0.9%/100 mL"
17431,"0.5 mg-0.9%/100 mL"
17432,"1 mg-0.9%/100 mL"
17433,"2 mg-0.9%/100 mL"
17434,"10 mg-0.9%/100 mL"
17435,"20 mg-0.9%/100 mL"
17436,"100 mg-0.9%/100 mL"
17437,"1 g-0.9%/100 mL"
17478,"100.000 ppm"
17480,"0.06%-2 mg/100 mL-0.9%"
17481,"0.125%-2 mg/100 mL-0.9%"
17484,"100 ppm"
17485,"800 ppm"
17494,"1200 mg-40 mg"
17496,"2 mg-1.7 mg-30 mg/5 mL"
17499,"500 mg-20 mg-200 mg-60 mg"
17500,"1200 mg-50 mg"
17501,"Sodium Chloride 0.45% with KCl 20 mEq/L"
17502,"Amino Acids 3.5% (Aminosyn Sulfite-Free)"
17503,"Amino Acids 5% (Aminosyn Sulfite-Free)"
17504,"Amino Acids 7% (Aminosyn Sulfite-Free)"
17505,"Amino Acids 8.5% (Aminosyn Sulfite-Free)"
17506,"Amino Acids 10% (Aminosyn Sulfite-Free)"
17507,"Amino Acids 10% (Aminosyn pH 6 Sulfite-Free)"
17508,"Amino Acids 5.2% (Aminosyn-RF Sulfite-Free)"
17509,"Amino Acids 7% (Aminosyn-HBC Sulfite-Free)"
17510,"Amino Acids 7% (Aminosyn-PF Sulfite-Free)"
17511,"Amino Acids 10% (Aminosyn-PF Sulfite-Free)"
17512,"Amino Acids 7% (Aminosyn II Sulfite-Free)"
17513,"Amino Acids 8.5% (Aminosyn II Sulfite-Free)"
17514,"Amino Acids 10% (Aminosyn II Sulfite-Free)"
17515,"Amino Acids 3.5% with Electrolytes (Aminosyn Sulfite-Free)"
17516,"Amino Acids 7% with Electrolytes (Aminosyn Sulfite-Free)"
17517,"Amino Acids 8.5% with Electrolytes (Aminosyn Sulfite-Free)"
17518,"Amino Acids 8.5% with Electrolytes (Aminosyn II Sulfite-Free)"
17532,"6 mg-45 mg"
17534,"0.3%-0.1%"
17544,"purified"
17548,"12 mg/5 mL"
17553,"12 mg-15 mg"
17554,"6 mg-7.5 mg"
17558,"1000 mg-2 mg"
17559,"1000 mg-4 mg"
17560,"150 mg/24 hours"
17563,"389 mg-32.4 mg-32 mg"
17564,"napsylate 500 mg-100 mg"
17566,"420 mg-180 mg"
17572,"9 mg-25 mg"
17577,"0.06 mg/24 hr"
17579,"30 mg-25 mg-7.5 mg/5 mL"
17581,"25 mg-12.5 mg-30 mg/5 mL"
17582,"25 mg-25 mg-30 mg"
17585,"0.06 mg/24 hours weekly"
17589,"22 mcg/0.5 mL"
17590,"44 mcg/0.5 mL"
17591,"70 mg/75 mL"
17601,"2 mg/0.7 mL"
17607,"6 g/100 mL lactated ringers"
17609,"5 mg/mL preservative-free"
17632,"3.75 mg-7.5 mg/5 mL"
17641,"recombinant 250 mcg"
17642,"425 mg"
17655,"200 mg-25 mg-60 mg"
17656,"100 mg-5 mg-30 mg/5 mL"
17657,"400 mg-200 mg"
17658,"250 mg-300 mg"
17661,"maleate-tannate 2 mg-6 mg/5 mL"
17662,"10 mg/24 hr"
17663,"18 mg/24 hr"
17664,"20 mg/24 hr"
17665,"27 mg/24 hr"
17666,"36 mg/24 hr"
17667,"40 mg/24 hr"
17668,"54 mg/24 hr"
17669,"400 mg-30 mg"
17672,"2 mg-3 mg-7.5 mg/5 mL"
17673,"Vitamin B Complex with Folic Acid"
17674,"2 mg-15 mg-7.5 mg/5 mL"
17675,"75%-25%"
17677,"250 mg-1 mg"
17678,"324 mg-1 mg"
17682,"Vitamin B Complex with C, Folic Acid and Zinc"
17692,"6.6 units-5 units/0.5 mL"
17696,"15 mg-375 mg"
17697,"15 mg-500 mg"
17702,"0.045 mg-0.015 mg/24 hr"
17710,"8 mg-1.25 mg-20 mg"
17712,"25 mg-12 mg"
17713,"50 mg-6 mg"
17714,"8.8 mg"
17719,"recombinant 250 mcg/0.5 mL"
17721,"10 units-15 units/0.5 mL"
17722,"10 units-2 units/0.5 mL"
17723,"5 units-2units/0.5 mL"
17725,"2.29 mg-2.29 mg-1.14 mg/mL"
17733,"180 mcg/0.5 mL"
17734,"12.5 mg-2 mg-7.5 mg/5 mL"
17735,"Amino Acids 8% (Hepatasol)"
17736,"Amino Acids 2.75% with 5% Dextrose (Clinimix Sulfite-Free)"
17737,"Amino Acids 4.25% with 5% Dextrose (Clinimix Sulfite-Free)"
17738,"Amino Acids 4.25% with 10% Dextrose (Clinimix Sulfite-Free)"
17739,"Amino Acids 4.25% with 20% Dextrose (Clinimix Sulfite-Free)"
17740,"Amino Acids 4.25% with 25% Dextrose (Clinimix Sulfite-Free)"
17741,"Amino Acids 5% with 15% Dextrose (Clinimix Sulfite-Free)"
17742,"Amino Acids 5% with 20% Dextrose (Clinimix Sulfite-Free)"
17743,"Amino Acids 5% with 25% Dextrose (Clinimix Sulfite-Free)"
17744,"Amino Acids 2.75% with 5% Dextrose and Electrolytes (Clinimix E Sulfite-Free)"
17745,"Amino Acids 2.75% with 10% Dextrose and Electrolytes (Clinimix E Sulfite-Free)"
17746,"Amino Acids 4.25% with 5% Dextrose and Electrolytes (Clinimix E Sulfite-Free)"
17747,"Amino Acids 4.25% with 10% Dextrose and Electrolytes (Clinimix E Sulfite-Free)"
17748,"Amino Acids 4.25% with 25% Dextrose and Electrolytes (Clinimix E Sulfite-Free)"
17749,"Amino Acids 5% with 15% Dextrose and Electrolytes (Clinimix E Sulfite-Free)"
17750,"Amino Acids 5% with 20% Dextrose and Electrolytes (Clinimix E Sulfite-Free)"
17751,"Amino Acids 5% with 25% Dextrose and Electrolytes (Clinimix E Sulfite-Free)"
17752,"Amino Acids 5% with 35% Dextrose and Electrolytes (Clinimix E Sulfite-Free)"
17796,"4.5%"
17826,"1.75 mg/5 mL"
17857,"10 mg-40 mg"
17858,"10 mg-80 mg"
17948,"80 mcg"
17951,"1 mg-12.5 mg/mL"
17952,"1 mg-3 mg-12.5 mg/mL"
17953,"2 mg-5 mg-50 mg-5 mg/5 mL"
17957,"375 mg-20 mg"
17958,"50 mg-400 mg- 200 mg"
17973,"25 mg-175 mg-12.5 mg/5 mL"
17974,"30 mg-600 mg-10 mg"
17975,"1 mg-2 mg-2 mg/mL"
17981,"2.5 mg-20 mg"
18039,"5 mg-50 mg-2.5 mg/mL"
18041,"100 mg-2.5 mg-7.5 mg/5 mL"
18042,"100 mg-2.5 mg/5 mL"
18043,"2 mg-20 mg-10 mg/5 mL"
18044,"6 mg-30 mg-20 mg"
18081,"4%-0.33%"
18082,"1 units/mL"
18087,"pediatric 5 mcg/0.5 mL"
18088,"pediatric 10 mcg/0.5 mL"
18089,"adult 10 mcg/mL"
18090,"adult 20 mcg/mL"
18091,"dialysis 40 mcg/mL"
18092,"675 mg-135 mg"
18093,"550 mg-110 mg"
18098,"1%-0.1%"
18099,"2%-0.1%"
18125,"1.5 mg/5 mL"
18180,"87 mg-788 mg-90 units/g"
18181,"121mg-129 mg/mL"
18187,"120 mcg-20 mcg/inh"
18202,"50 mg-400 mg-200 mg"
18224,"68 mg"
18260,"sodium 100 mg/25 mL"
18279,"1050 units"
18299,"2 mg-15 mg"
18300,"19 mg"
18304,"400 mg-15 mg"
18305,"200 mg-7.5 mg"
18310,"group A/C/Y/W 50 mcg"
18311,"group A/C/Y/W 500 mcg"
18315,"30 mg/2 mL"
18327,"4.5%-10%"
18328,"8.5%-10%"
18329,"beta 300 intl units"
18330,"beta 600 intl units"
18331,"mesylate 10 mg"
18332,"mesylate 20 mg"
18333,"mesylate 30 mg"
18334,"mesylate 40 mg"
18346,"8.5%"
18347,"4.5%-10% cleansing"
18348,"8.5%-10% cleansing"
18406,"450 units"
18408,"200 units/mL"
18435,"12 mg-100 mg"
18448,"28 mg-600 mg"
18502,"75 units"
18561,"1 mg-5 mg"
18592,"400 mg-600 mg"
18595,"synthetic 0.45 mg"
18597,"325 mg-7.5 mg/15 mL"
18626,"6200 units"
18633,"325 mg-50 mg-20 mg-250 mg"
18640,"100 mg-50 mg/5 mL"
18642,"Vitamin C with Folic Acid and Iron"
18647,"14 mcg/24 hours weekly"
18649,"5 mg-200 mg"
18650,"5,000,000 intl units/0.5 mL"
18651,"10,000,000 intl units/0.2 mL"
18652,"3,000,000 intl units/0.2 mL"
18653,"5,000,000 intl units/0.2 mL"
18658,"long-acting, 0.5%"
18659,"0.0625%-2 mcg/mL-0.9%"
18660,"30,000 units-2400 units-30,000 units"
18672,"4 mg-20 mg/5 mL"
18693,"30 mg-1000 mg-60 mg"
18707,"60 mg-600 mg-40 mg"
18709,"2 mg-10 mg-5 mg/5 mL"
18718,"720 units/0.5 mL"
18721,"monohydrate 125 mg"
18731,"alpha 300 intl units"
18732,"alpha 450 intl units"
18733,"alpha 900 intl units"
18745,"300 mg-20 mg-200 mg"
18749,"1.5 g/50 mL-5%"
18750,"750 mg/50 mL-5%"
18752,"45 mg-1.25 mg/5 mL"
18753,"1.25 mg/5 mL"
18755,"200 mg/100 mL-0.9%"
18756,"400 mg/100 mL-0.9%"
18757,"400 mg/200 mL-0.9%"
18758,"400 mg/200 mL-5%"
18765,"6 mg-30 mg-30 mg/5 mL"
18767,"30 mg-200 mg/5 mL"
18769,"325 mg-50 mg-40 mg/15 mL"
18770,"750 mg-50 mg-40 mg"
18771,"3 mg-2.5 mg-30 mg/5 mL"
18772,"400 mg-90 mg"
18773,"30 mg-30 mg/5 mL"
18774,"6 mg-30 mg/5 mL"
18776,"25 mg-550 mg-20 mg"
18777,"30 mg-650 mg"
18778,"600 mg-10 mg"
18793,"60 mg-600 mg"
18813,"8 mg-2.5 mg-25 mg"
18814,"2 mg-1.25 mg-15 mg"
18819,"3 mg-15 mg-15 mg/5 mL"
18820,"2 mg-17.5 mg/5 mL"
18824,"2.5 mg-1.67 mg-20 mg/5 mL"
18825,"2 mg-4 mg-5 mg/5 mL"
18830,"90 mg-3 mg/5 mL"
18831,"3 mg-15 mg/5 mL"
18833,"1000 mg-30 mg-12.5 mg/30 mL"
18834,"6%-5%"
18836,"Dextrose 2.5% in Half Strength Lactated Ringers"
18846,"1000 mg-30 mg/30 mL"
18848,"1:20,000-2%"
18850,"dibasic 100%"
18853,"2 mg-7.5 mg/5 mL"
18858,"Amino Acids 6% (Premasol)"
18859,"Amino Acids 10% (Premasol)"
18860,"1000 mg-30 mg-60 mg/30 mL"
18861,"with bioflavonoids 500 mg"
18864,"325 mg-15 mg-6.25 mg-30 mg"
18876,"650 mg-60 mg"
18889,"4 mcg-0.4 mcg-0.1 mg-20 mcg-1mg/mL"
18896,"500 mg-400 intl units"
18902,"250 mg-200 intl units"
18903,"600 mg-400 intl units"
18915,"10 units"
18936,"extended cycle 30 mcg-0.15 mg"
18939,"52000 units-16000 units-52000 units"
18951,"125 mg/0.5 mL"
18953,"1.25 mg/0.5 mL"
18957,"12.5 mg-3.5 mg-5 mg/5 mL"
18959,"8 mg-2.5 mg-40 mg"
18971,"infant"
18972,"5000 intl units/0.2 mL"
18974,"2500 intl units/mL"
18978,"180 mg-240 mg"
18988,"60 mg/0.3 mL"
18989,"90 mg/0.3 mL"
18990,"120 mg/0.5 mL"
18998,"8 mg-20 mg-20 mg/5 mL"
18999,"20 mg-800 mg-20 mg"
19000,"30 mg-1200 mg-30 mg"
19001,"20 mg-1200 mg"
19059,"40 mg/0.8 mL"
19061,"4 mg-1.25 mg-10 mg/ 5 mL"
19062,"8 mg-2.5 mg"
19063,"48 mg"
19064,"145 mg"
19066,"6.5%-10% cleansing"
19067,"6.5%-10%"
19068,"600 mg-5 mg"
19069,"30 mg-575 mg-25 mg"
19070,"525 mg-50 mg"
19071,"575 mg-5 mg"
19072,"150 mg-2.5 mg-6 mg/5 mL"
19084,"300 mg/15 mL"
19090,"60 mg-1000 mg-40 mg"
19095,"2.5 mg-40 mg"
19102,"synthetic porcine 16 mcg"
19104,"synthetic human 16 mcg"
19108,"3.15 g-0.2 g-1.6 g-3.15 g-0.315 g"
19109,"8 mg-40 mg"
19117,"250 mcg (0.25 mg)"
19118,"125 mcg (0.125 mg)"
19119,"100 mcg (0.1 mg)"
19120,"25 mcg (0.025 mg)"
19121,"50 mcg (0.05 mg)"
19122,"75 mcg (0.075 mg)"
19123,"88 mcg (0.088 mg)"
19124,"112 mcg (0.112 mg)"
19125,"137 mcg (0.137 mg)"
19126,"150 mcg (0.15 mg)"
19127,"175 mcg (0.175 mg)"
19128,"200 mcg (0.2 mg)"
19130,"300 mcg (0.3 mg)"
19131,"500 mcg (0.5 mg)"
19133,"0.5%-0.3%"
19134,"50 mcg/mL (0.05 mg/mL)"
19135,"100 mcg/mL (0.1 mg/mL)"
19136,"250 mcg/mL (0.25 mg/mL)"
19139,"1.2 mg (1200 mcg)"
19140,"2.4 mg (2400 mcg)"
19141,"4.8 mg (4800 mcg)"
19142,"mesylate 500 mg"
19144,"250 mg elemental calcium"
19146,"CFC free 90 mcg/inh"
19147,"Prenatal Multivitamins with Folic Acid 1 mg"
19148,"200 mg elemental calcium"
19149,"Prenatal Multivitamins with Folic Acid 0.4 mg"
19150,"Prenatal Multivitamins with Folic Acid 0.8 mg"
19151,"Prenatal Multivitamins with Folic Acid 2.5 mg"
19153,"Prenatal Multivitamins with Folic Acid 1 mg and Docusate"
19154,"1200 mcg (1.2 mg)"
19155,"2400 mcg (2.4 mg)"
19156,"4800 mcg (4.8 mg)"
19164,"2 mg-2.5 mg-7.5 mg/5 mL"
19165,"0.0582 mg-0.3111 mg-48.6 mg-0.0195 mg"
19168,"20 mg-400 mg"
19169,"529 mg/mL"
19170,"43 mg"
19171,"87 mg"
19184,"3.15 g-0.2 g-1.6 g-3.15 g-0.315 g/237 mL"
19191,"6 mcg/mL-0.1%-0.9%"
19192,"5 mcg/mL-0.1%-0.9%"
19193,"3 mcg/mL-0.1%-0.9%"
19194,"5 mcg/mL-0.0625%-0.9%"
19195,"2 mcg/mL-0.125%-0.9%"
19196,"2 mcg/mL-0.2%"
19199,"2.5 mcg-0.5 mg"
19200,"225 mg-2.5 mg-10 mg/5 mL"
19201,"225 mg-25 mg/5 mL"
19202,"900 mg-25 mg"
19203,"1200 mg-25 mg"
19206,"single dose"
19207,"multiple dose"
19211,"29 mcg/inh"
19213,"25 mg-225 mg/5 mL"
19218,"2 mg-7.5 mg-12.5 mg/5 mL"
19219,"8 mg/5 mL"
19220,"400 mg-500 mg"
19223,"20 mg-100 mg/5 mL"
19224,"800 mg-20 mg"
19225,"4 mg-30 mg-7.5 mg/5 mL"
19227,"12 mg-20 mg/5 mL"
19235,"650 mg-33.3 mg-195 mg"
19236,"742 mg-36 mg-222 mg"
19241,"20 mg-75 mg/5 mL"
19242,"1200 mg-30 mg"
19245,"0.22%-0.5%"
19283,"0.6%-0.05%"
19298,"7500 intl units/0.3 mL"
19366,"625 mg/5 mL"
19438,"Vitamin B12 with C, Iron and Intrinsic Factor"
19439,"CFC free 44 mcg/inh"
19440,"CFC free 110 mcg/inh"
19441,"CFC free 220 mcg/inh"
19442,"1,100,000 units/g-10%"
19443,"830,000 units/g-10%"
19446,"50 mg-150 mg"
19448,"0.12 mg-100 mg-10.8 mg-40 mg"
19478,"ethyl esters 900 mg"
19479,"ethyl esters 1000 mg"
19480,"5 mg-240 mg"
19541,"10 units/1000 mL-0.9%"
19545,"20 units/1000 mL-0.9%"
19555,"0.25 mg-0.5 mg-1 mg"
19578,"325 mg-10 mg-12.5 mg/5 mL"
19673,"0.09%"
19725,"12.5 mg-100 mg"
19733,"Icodextrin 7.5% with Electrolytes (Extraneal)"
19741,"104 mg/0.65 mL"
19750,"12,500 intl units/0.5 mL"
19754,"18,000 intl units/0.72 mL"
19760,"60 mg/0.6 mL"
19763,"120 mg/0.8 mL"
19780,"15,000 intl units/0.6 mL"
19787,"25,000 intl units/mL"
19788,"10,000 intl units/mL"
19797,"70 mg-2800 intl units"
19799,"0.59 mg"
19804,"160 mg-7.5 mg-15 mg/5 mL"
19805,"1000 pn units/mL"
19808,"2 mcg/mL-0.9%"
19809,"5 mcg/mL-0.9%"
19810,"10 mcg/mL-0.9%"
19811,"20 mcg/mL-0.9%"
19814,"2.5 units-18.5 mcg-5 units/0.5 mL"
19815,"6.6 units-46.8 mcg-5 units/0.5 mL"
19929,"5 mg/0.4 mL"
19930,"7.5 mg/0.6 mL"
19931,"10 mg/0.8 mL"
20127,"133 mg"
20128,"12 mg-2.5 mg-20 mg"
20131,"12 mcg/hr"
20132,"napsylate 325 mg-100 mg"
20139,"2% preservative-free"
20140,"3% preservative-free"
20141,"0.25% preservative-free"
20142,"0.5% preservative-free"
20143,"0.75% preservative-free"
20144,"0.25%-1:200,000 preservative-free"
20145,"0.5%-1:200,000 preservative-free"
20146,"0.75%-1:200,000 preservative-free"
20147,"1% preservative-free"
20148,"1.5% preservative-free"
20149,"4% preservative-free"
20150,"1:200,000-1% preservative-free"
20151,"1:200,000-1.5% preservative-free"
20152,"1:200,000-2% preservative-free"
20153,"4 mcg"
20163,"524.8 mg-250 mg-500 mg"
20164,"325 mg-200 mg-30 mg"
20168,"2 units-15.5 mcg-5 units/0.5 mL"
20170,"microemulsion 50 mg"
20172,"beta 900 intl units"
20178,"30 units/500 mL-0.9%"
20179,"30 units/500 mL-5%"
20180,"10 units/1000 mL-D5%LR"
20183,"25 mg-300 mg"
20184,"3.5 mg-1 mg-45 mg"
20185,"37.5 mg-20 mg"
20186,"70 mg-70 mg"
20187,"9 mg-90 mg"
20189,"46.7%"
20198,"150 mcg/0.75 mL"
20200,"200 mcg/0.4 mL"
20201,"300 mcg/0.6 mL"
20202,"25 mcg/0.42 mL"
20203,"40 mcg/0.4 mL"
20204,"60 mcg/0.3 mL"
20205,"100 mcg/0.5 mL"
20206,"150 mcg/0.3 mL"
20218,"1177 mg"
20230,"20 units/1000 mL-D5%LR"
20323,"CFC free 17 mcg/inh"
20335,"325 mg-15 mg-6.25 mg"
20336,"325 mg-10 mg-5 mg"
20347,"2.5 mg-3.5 mg-8 mg/5 mL"
20348,"2.5 mg-1.67 mg-17.5 mg/5 mL"
20366,"3 mg-15 mg-12.5 mg/5 mL"
20367,"15 mg-200 mg-32 mg/5 mL"
20410,"CFC free 45 mcg/inh"
20456,"1 mg/7.5 mL"
20463,"2 mg-5 mg-30 mg"
20466,"Vitamin A, D and C with Fluoride 0.25 mg/0.6 mL"
20474,"Amino Acids 20% (ProSol Sulfite-Free)"
20475,"50 mg-0.9%/100 mL"
20476,"1250 mg-35 mg"
20477,"25 mg-0.9%/50 mL"
20484,"40 mg/15 mL"
20487,"1000 mg-50 mg/30 mL"
20489,"2 mg-2 mg/mL"
20490,"2 mg-3 mg-2 mg/mL"
20494,"3.6 mg-45.2 mg/5 mL"
20495,"3.6 mg-27.5 mg-45.2 mg/5 mL"
20501,"850 mg-15 mg"
20502,"15 mg-100 mg-5 mg/5 mL"
20503,"4 mg-20 mg-10 mg/mL"
20504,"60 mg-800 mg-120 mg"
20505,"800 mg-120 mg"
20507,"1200 mg-10 mg"
20514,"200 mg-6 mg-45 mg/5 mL"
20516,"2.1%"
20531,"835 mg-25 mg"
20532,"1 mg-100 mg-15 mg/5 mL"
20533,"2 mg-6 mg-12 mg/5 mL"
20535,"Amino Acids 15% (Clinisol Sulfite-Free)"
20536,"55 mg-1000 mg"
20538,"acetate 0.45 mg"
20539,"acetate 0.9 mg"
20540,"acetate 1.8 mg"
20541,"dipropionate"
20542,"valerate"
20544,"anhydrous"
20547,"monohydrate"
20548,"hydrochloride"
20549,"sulfate"
20551,"pamoate"
20552,"hippurate"
20553,"mandelate"
20554,"micronized"
20555,"dibasic"
20556,"reagent grade"
20557,"benzoate"
20558,"monophosphate"
20559,"propionate"
20560,"propionate micronized"
20561,"triphosphate"
20562,"macrocrystals"
20564,"diacetate"
20565,"acetonide"
20566,"900 mg-30 mg"
20567,"beta 75 intl units/0.5 mL"
20568,"beta 150 intl units/0.5 mL"
20574,"0.035%"
20577,"1 g-1%"
20578,"650 mg-23.75 mg"
20579,"30 mg-25 mg-10 mg"
20582,"Multiple Vitamins with Minerals and Essential Fatty Acids"
20583,"maleate"
20584,"edisylate"
20585,"cypionate"
20592,"325 mg-12.5 mg-5 mg"
20593,"5.25%"
20596,"bitartrate"
20597,"ethylsuccinate"
20598,"stearate"
20599,"butyrate"
20601,"microcrystalline"
20602,"nitrate"
20603,"monohydrate 150 mg"
20609,"200 mg-50 mg"
20610,"buffered 0.9%"
20635,"hydrobromide"
20646,"650 mg-90 mg"
20648,"Amino Acids 8% (Hepatasol Sulfite-Free)"
20655,"300 mcg/0.5 mL"
20656,"480 mcg/0.8 mL"
20659,"480 mcg/1.6 mL"
20662,"20 units/500 mL-0.9%"
20679,"4 mg-12.5 mg/5 mL"
20680,"1 mg-3.5 mg/mL"
20681,"1 mg-3 mg-3.5 mg/mL"
20682,"4 mg-15 mg-12.5 mg/5 mL"
20683,"25 mg-3.5 mg-7.5 mg/5 mL"
20684,"4 mg-5 mg-8 mg/5 mL"
20693,"4 mg-12.5 mg"
20701,"17.2 mg"
20702,"10 mg-45 mg/5 mL"
20710,"palmitate"
20711,"methylbromide"
20712,"hemisuccinate"
20716,"7.5 mg-30 mg/5 mL"
20722,"1 mg-4 mg"
20723,"2 mg-4 mg"
20724,"4 mg-4 mg"
20731,"30 mcg/mL"
20737,"2 mg-5 mg-6 mg/5 mL"
20738,"20 mg-1.5 mg/mL"
20739,"120 mg-2.5 mg-6 mg/5 mL"
20740,"1 mg-2 mg/mL"
20741,"1 mg-3 mg-1.5 mg/mL"
20742,"1.5 mg-1.5 mg/mL"
20743,"2 mg-0.75 mg-8 mg/5 mL"
20748,"12.5 mcg/hr"
20787,"162 mg-115.2 mg"
20788,"36 mg/0.6 mL"
20813,"5 mcg/0.02 mL"
20814,"10 mcg/0.04 mL"
20833,"550 mg-8.5 mg"
20835,"650 mg-45 mg"
20836,"2 mg-6 mg-5 mg/5 mL"
20837,"200 mg-400 mg"
20838,"4 mg-10 mg-25 mg"
20839,"425 mg-35 mg-45 mg"
20857,"10 mg-0.9%/50 mL"
20863,"with Ascorbic Acid and Minerals"
20865,"300 mg-375 mg-250 mg"
20886,"0.064%-0.005%"
20888,"30 mg-835 mg"
20889,"4 mg-20 mg"
20890,"cream 0.1%"
20891,"gel 0.01%"
20892,"cream 0.025%"
20893,"gel 0.025%"
20894,"cream 0.05%"
20923,"2.5 mg-5 mg/5 mL"
21068,"24 mcg"
21130,"15 mg-7.5 mg-12.5 mg/5 mL"
21131,"100 mg-200 mg/5 mL"
21135,"4 mg/0.5 mL"
21137,"pentavalent"
21138,"tetravalent"
21146,"Vitamin B12, Folate, and Acetylcysteine"
21159,"300 mg-7.5 mg"
21162,"0.25%-15%"
21181,"4 mg-5 mg/5 mL"
21213,"1000 mg-10 mg"
21214,"8 mg-30 mg-2.5 mg"
21223,"0.55%-3%"
21225,"2.5 mg-7.5 mg/ 0.8 mL"
21227,"2.5 mg-7.5 mg/0.8 mL"
21228,"20 mg-20 mg-10 mg"
21231,"160 mg-1 mg-7.5 mg/5 mL"
21232,"1 mg-7.5 mg/5 mL"
21235,"2 mg-1.5 mg-10 mg/5 mL"
21236,"160 mg-7.5 mg/5 mL"
21237,"160 mg-5 mg"
21239,"9 mg/24 hr"
21240,"12 mg/24 hr"
21243,"20 mg-1100 mg"
21244,"40 mg-1100 mg"
21245,"20 mg-1680 mg"
21246,"40 mg-1680 mg"
21252,"4.5 mg-5 mg"
21253,"100 mg-3.5 mg/5 mL"
21254,"2 mg-15 mg-100 mg-10 mg/5 mL"
21255,"4 mg-12.5 mg-60 mg/5 mL"
21256,"50 mg/24 hours"
21258,"10,000,000 intl units/mL"
21260,"3 mg-0.02 mg"
21261,"4 mg-1 mg-2 mg/mL"
21263,"Dextrose 1.5% with Electrolytes (Delfex)"
21264,"Dextrose 2.5% with Electrolytes (Delfex)"
21267,"1 mg and 3 mg"
21271,"800 mg-40 mg"
21274,"835 mg-30 mg"
21275,"25 mg-600 mg-20 mg"
21276,"28 mg-835 mg"
21280,"15000 intl units"
21283,"150 units/5 mL"
21293,"10 mg/9 hr"
21294,"15 mg/9 hr"
21295,"20 mg/9 hr"
21296,"30 mg/9 hr"
21298,"325 mg-200 mg-15 mg"
21299,"12%-20%"
21300,"8 mg-15 mg-12.5 mg/5 mL"
21301,"500 mg-50 mg-500 mg-20 mg"
21302,"8 mg-90 mg/5 mL"
21303,"8 mg-60 mg-90 mg/5 mL"
21309,"80 mcg-4.5 mcg/inh"
21314,"160 mcg-4.5 mcg/inh"
21320,"635 mg-55 mg"
21321,"Prenatal Multivitamins with Folic Acid 1.25 mg"
21323,"325 mg-10 mg-200 mg-5 mg"
21324,"7.5 mg/month"
21325,"3.75 mg/month"
21326,"22.5 mg/3 months"
21327,"11.25 mg/3 months"
21328,"30 mg/4 months"
21329,"11.25 mg/month"
21330,"15 mg/month"
21331,"45 mg/6 months"
21332,"25 mg/2 weeks"
21333,"37.5 mg/2 weeks"
21334,"50 mg/2 weeks"
21337,"1500 intl units/1.3 mL"
21338,"600 intl units/0.5 mL"
21339,"5000 intl units/4.4 mL"
21340,"15000 intl units/13 mL"
21345,"2.5 intl units"
21356,"3.6 mg/ 5 mL"
21360,"160 mg-5 mg/5 mL"
21361,"160 mg-1 mg-5 mg/5 mL"
21362,"25 mg-320 mg"
21363,"12.5 mg-320 mg"
21368,"25 units-58 mcg-10 units/0.5 mL"
21370,"6.7 units-46.8 mcg-5 units/0.5 mL"
21379,"synthetic A, 0.45 mg"
21380,"synthetic A, 0.625 mg"
21381,"synthetic A, 0.3 mg"
21382,"synthetic A, 0.9 mg"
21383,"synthetic A, 1.25 mg"
21384,"synthetic B, 0.45 mg"
21385,"synthetic B, 0.625 mg"
21386,"synthetic B, 1.25 mg"
21387,"synthetic B, 0.3 mg"
21390,"162 mg-1 mg-115.2 mg"
21396,"Vitamin B Complex with C, Folic Acid, Iron and Zinc"
21399,"87 mg-788 mg-0.12 mg/g"
21413,"15000 units-1200 units-15000 units"
21414,"58500 units-18000 units-58500 units"
21420,"0.9 g-0.6 g"
21423,"2 mg-3.5 mg-25 mg/mL"
21424,"4 mg-2.5 mg-7.5 mg/5 mL"
21425,"4 mg-7.5 mg/5 mL"
21426,"500 mg-200 mg/15 mL"
21455,"1 mCi/mL"
21458,"2 mCi/mL"
21459,"5 mCi/mL"
21460,"5 mCi/0.5 mL"
21461,"3 mCi/mL"
21463,"200 uCi/mL"
21464,"100 uCi"
21465,"200 uCi"
21473,"200.000 uCi /  1.000 mL"
21475,"100.000 uCi /  1.000 ea"
21476,"200.000 uCi /  1.000 ea"
21485,"2500 intl units/2.2 mL"
21486,"40 mcg/dose"
21487,"0.25 mg-100 mg-2 mg-60 mg"
21488,"0.125 mg-100 mg-2 mg-60 mg"
21489,"0.125 mg-100 mg-1 mg-30 mg"
21496,"3.5 mg-30 mg-45 mg/5 mL"
21497,"30 mg-5 mg/10 mL"
21498,"biphasic extended cycle"
21503,"40 mg-17 mg/mL"
21510,"90 mg/mL"
21523,"3.2 mg-45.2 mg/5 mL"
21524,"1.67 mg-12.5 mg/5 mL"
21525,"3.2 mg-27.5 mg-45.2 mg/5 mL"
21526,"2.67 mg-15 mg-12.5 mg/5 mL"
21543,"monohydrate 750 mg"
21561,"38 mg-200 mg"
21563,"Amino Acids 3% and Glycerin 3% with Electrolytes (ProcalAmine)"
21567,"45 mcg-21 mcg"
21568,"115 mcg-21 mcg"
21569,"230 mcg-21 mcg"
21643,"175 mcg Fe/mL"
21656,"50 mCi/mL"
21657,"100.000 uCi /  1.000 mL"
21658,"100 uCi/mL"
21707,"2.5%-3%"
21708,"2 mg-4 mg-2 mg/mL"
21709,"4 mg-15 mg-8 mg/5 mL"
21742,"600 mg-200 mg-300 mg"
21752,"2 mg/24 hr"
21789,"15 mg-175 mg-32 mg/5 mL"
21790,"40 mg-1000 mg"
21791,"2.5 mg-3.25 mg-8 mg/5 mL"
21818,"150 mg-5 mg/5 mL"
21891,"1050 intl units"
21965,"600 mg-18 mg"
21966,"AF 80 mg"
21967,"AF 160 mg"
21968,"AF 120 mg"
22066,"580 mg"
22079,"650 mg-40 mg"
22080,"12 mg-2 mg-40 mg"
22085,"5 mg-25 mg-75 mg/5 mL"
22086,"325 mg-2 mg-10 mg-5 mg"
22088,"200 mg-7.5 mg/5 mL"
22089,"200 mg-2.5 mg-7.5 mg/5 mL"
22110,"45 mg-1200 mg"
22111,"45 mg-1200 mg-25 mg"
22112,"1 mg-5 mg-12 mg/mL"
22113,"1000 mg-30 mg"
22172,"30 mg-25 mg/5 mL"
22186,"57.5 mg-775 mg"
22189,"2 mg-30 mg-20 mg/5 mL"
22190,"0.75 mg-2.75 mg-1.75 mg/mL"
22191,"10 mg-30 mg-25 mg/5 mL"
22200,"75 mg-25 mg-7.5 mg/5 mL"
22201,"0.12%-10%"
22202,"800 mg-30 mg"
22203,"30 mg-400 mg"
22252,"40 mg-200 mg-20 mg/10 mL"
22253,"23 mg-600 mg-9 mg"
22261,"1.25 mg-5 mg-5 mg-5 mg/5 mL"
22263,"15 mcg/2 mL"
22272,"25 mg-15.5 mg-15.5 mg/5 mL"
22273,"1 mg-2.5 mg/5 mL"
22276,"580 mg-60 mg"
22277,"780 mg-80 mg"
22278,"30 mg-580 mg-60 mg"
22279,"40 mg-780 mg-80 mg"
22290,"250%"
22303,"5 mg-2.5 mg/5 mL"
22306,"650 mg-20 mg-10 mg/30 mL"
22320,"2 mg-7.25 mg-5 mg/5 mL"
22322,"10 mg-16 mg"
22323,"15 mg-10 mg-16 mg"
22324,"176 mg/5 mL"
22325,"500 mg-500 mg/5 mL"
22327,"650,000 units/g-10%"
22328,"leaf extract 176 mg/5 mL"
22329,"4%-1%"
22335,"15 mg-175 mg-30 mg/5 mL"
22336,"15 mg-5 mg-16 mg/5 mL"
22337,"5 mg-16 mg/5 mL"
22338,"325 mg-10 mg-200 mg-5 mg/15 mL"
22340,"325 mg-10 mg-6.25 mg-5 mg/15 mL"
22341,"250 mg-10 mg-6.25 mg-5 mg"
22425,"5%-12 g/100 mL"
22496,"300 mg-3.5 mg/5 mL"
22497,"10 mg-300 mg/5 mL"
22498,"4 mg-30 mg-30 mg/5 mL"
22499,"4 mg-5 mg-30 mg/5 mL"
22507,"6 mg-10 mg/5 mL"
22508,"6 mg-25 mg-10 mg/5 mL"
22517,"1.2%-0.025%"
22554,"2.5 mcg/mL-0.1%-0.9%"
22555,"1 mg-5 mg-2.5 mg/5 mL"
22612,"4 mcg-0.4 mg-0.1 mg-20 mcg-1 mg/mL"
22697,"650 mg-600 mg-20 mg"
22698,"1 mg-2.5 mg-5 mg/5 mL"
22699,"15 mg-12.5 mg-15 mg/5 mL"
22701,"615 mg (61 mg magnesium)"
22714,"5 mg-1000 mg"
22715,"1000 mg-40 mg"
22716,"30 mg-1000 mg-20 mg"
22754,"6 mg-2.5 mg-120 mg"
22757,"20 mg/15 mL"
22760,"Prenatal Multivitamins with Folic Acid 1.6 mg"
22786,"300 mg-400 mg"
22787,"12 mg-90 mg"
22788,"250 mg-32.5 mg-310 mg"
22807,"1 mg/2 mL"
22836,"5 mg-100 mg/5 mL"
22862,"Vitamin B Complex with D, Calcium and Folic Acid"
22867,"iron with B12, C and intrinsic factor"
22905,"100 mg-4 mg-10 mg/5 mL"
22906,"100 mg-4 mg/5 mL"
22946,"20 mg-100 mg-12.5 mg/5 mL"
22958,"6 mg-5 mg-10 mg/5 mL"
23023,"1100 mg-30 mg"
23088,"250 mg-500 mg-32.5 mg-150 mg"
23093,"14%-2%"
23100,"2 g/100 mL-5%"
23159,"recombinant albumin-free"
23182,"600 mg-750 mg"
23309,"6.25 mg-6.25 mg/5 mL"
23310,"50 mg-2.5 mg/5 mL"
23314,"75 mg-7.5 mg/5 mL"
23315,"1050 mg-30 mg"
23316,"15 mg-225 mg/5 mL"
23322,"CFC free 55 mcg/inh"
23323,"500 mg-10 mg/15 mL"
23353,"60 mg-900 mg"
23354,"42%"
23355,"3 mg-27.5 mg-50 mg/5 mL"
23356,"2 mg-1.5 mg-10 mg"
23366,"1440 units/mL preservative free"
23367,"720 units/0.5 mL preservative free"
23368,"2 mg-30 mg-20 mg"
23369,"1000 mg-20 mg"
23403,"0.04 mg-8 mg-0.19 mg-90 mg-0.01 mg"
23419,"300 mg-400 mg with alpha-lipoic acid, para-amino-benzoic acid and Vitamin E"
23420,"500 mg-38.3 mg"
23421,"with alpha-lipoic acid, folic acid, para-amino-benzoic acid, Vitamin B6, B12, and Vitamin E"
23422,"with alpha-lipoic acid, benfotiamine, folic acid, para-amino-benzoic acid and Vitamin E"
23425,"400 mg-2.5 mg"
23426,"325 mg-15 mg-200 mg-5 mg"
23443,"10 mg-160 mg"
23444,"5 mg-160 mg"
23467,"20 units/500 mL-LR"
23475,"0.125%-4 mcg/mL-0.9%"
23476,"2 mg/mL-0.9%"
23477,"0.125%-2.5 mcg/mL-0.9%"
23478,"0.2%-0.9%"
23479,"0.0625%-2.5 mcg/mL-0.9%"
23482,"0.05%-3 mcg/mL-0.9%"
23483,"10 units/500 mL-5%"
23484,"20 units/500 mL-5%"
23485,"40 units/500 mL-5%"
23486,"10 units/1000 mL-D5%"
23487,"20 units/1000 mL-D5%"
23488,"30 units/1000 mL-D5%"
23489,"40 units/1000 mL-D5%"
23490,"10 units/500 mL-0.9%"
23491,"40 units/500 mL-0.9%"
23492,"30 units/1000 mL-0.9%"
23493,"40 units/1000 mL-0.9%"
23494,"10 units/500 mL-D5%LR"
23495,"20 units/500 mL-D5%LR"
23496,"30 units/500 mL-D5%LR"
23497,"40 units/500 mL-D5%LR"
23498,"30 units/1000 mL-D5%LR"
23499,"40 units/1000 mL-D5%LR"
23514,"4 mg-3.5 mg/5 mL"
23515,"4 mg-30 mg-25 mg-3.5 mg/5 mL"
23516,"4 mg-25 mg-3.5 mg/5 mL"
23522,"100 mg-2.5 mg-5 mg/5 mL"
23523,"2.5 mg-30 mg-1.25 mg/5 mL"
23529,"tannate 10 mg"
23538,"tannate 4 mg-30 mg"
23540,"3 mg-50 mg/5 mL"
23541,"100 mg-100 mg/5 mL"
23550,"2.5 mg-1.25 mg/0.8 mL"
23551,"1.25 mg/0.8 mL"
23552,"160 mg-1 mg-5 mg-2.5 mg/5 mL"
23556,"200 mg-5 mg/5 mL"
23557,"1200 mg-35 mg"
23631,"7.5 mg-200 mg/5 mL"
23650,"1000 mg-50 mg"
23743,"180 mcg/inh"
23819,"0.63 mg/3 mL (0.021%)"
23820,"1.25 mg/3 mL (0.042%)"
23829,"250 mg-1100 mg-30 mg"
23830,"tannate 7.5 mg/5 mL"
23835,"600 mg-66 mg"
23839,"tannate 8 mg"
23840,"2 mg-6 mg/mL"
23842,"9 mg-12 mg/5 mL"
23843,"200 mg-200 intl units"
23844,"500 mg-9 mg"
23849,"27.5 mcg/inh"
23854,"5 mg-100 mg-2.5 mg/2.5 mL"
23855,"2.5 mg-1.25 mg"
23856,"325 mg-2 mg-15 mg-5 mg"
23857,"1000 mg-400 mg"
23858,"30 mg-900 mg-30 mg"
23859,"325 mg-10 mg-5 mg/15 mL"
23860,"325 mg-12.5 mg-5 mg/15 mL"
23861,"12.5 mg/2 weeks"
23869,"160 mg-1 mg-2.5 mg/5 mL"
23872,"70 mg-5600 intl units"
23878,"140 mg-125 mg-125 mg"
23881,"2 mg-8 mg"
23882,"4 mg-8 mg"
23883,"1 mg-1.25 mg-10 mg/5 mL"
23893,"base 500 mg"
23894,"hydrochloride 1500 mg"
23895,"20 mcg-90 mcg"
23903,"30 mg-600 mg-50 mg"
23913,"Vitamin A, D and C with Iron and Fluoride 0.25 mg/2 mL"
23915,"6 mg-30 mg-10 mg/5 mL"
23925,"40 mg-700 mg-80 mg"
23926,"d-alpha tocopherol with tocopherols and tocotrienols"
23930,"25 mg-600 mg"
23932,"45 mg-2.5 mg/5 mL"
23936,"50 mg/1.25 mL"
23938,"0.2%-3.5%"
23942,"5 mg-320 mg"
23943,"10 mg-320 mg"
23947,"25 mg-3 mg"
23953,"preservative-free 720 units-20 mcg/mL"
23954,"3 mg-7.5 mg/5 mL"
23955,"720 units-20 mcg/mL preservative free"
23975,"40 mg-500 mg-1000 mg"
23976,"6 mg-5 mg-12 mg/5 mL"
23981,"4.6 mg/24 hr"
23982,"9.5 mg/24 hr"
23984,"1 mg-7.5 mg/mL"
23985,"60 mg-600 mg-15 mg"
23986,"1200 mg-20 mg"
24014,"16.25 mg"
24038,"500 mg-0.9%/100 mL"
24039,"3.5 mg-18.5 mg"
24057,"2 mg-1.5 mg/5 mL"
24058,"2 mg-1.5 mg"
24059,"400 mg-24 mg"
24062,"25 mcg/0.1 mL"
24067,"13 mcg (0.013 mg)"
24088,"3 mg-15 mg-30 mg/5 mL"
24089,"3 mg-5 mg-7.5 mg/5 mL"
24092,"315 mg-20 mg"
24094,"80 mg/mL-LR"
24095,"0.06%-20 mcg/mL-NaCl 0.9%"
24096,"0.125%-20 mcg/mL-NaCl 0.9%"
24097,"500 mcg/mL-D5%"
24098,"1 mg/mL-D5%"
24099,"2 mg/mL-D5%"
24100,"4 mg/mL-D5%"
24101,"800 mcg/mL-D5%"
24102,"1.6 mg/mL-D5%"
24103,"3.2 mg/mL-D5%"
24104,"100 units/mL-D5%"
24105,"2 units/mL-NaCl 0.9%"
24106,"40 units/mL-D5%"
24107,"50 units/mL-D5%"
24108,"50 units/mL-NaCl 0.45%"
24109,"100 units/mL-NaCl 0.45%"
24110,"60 mg/mL-NaCl 0.9%"
24111,"60 mg/mL-LR"
24112,"1 mg/mL-NaCl 0.9%"
24113,"200 mcg/mL-NaCl 0.9%"
24114,"10 mg/mL-D5%"
24115,"20 mg/mL-D5%"
24116,"40 mg/mL-D5%"
24117,"80 mg/mL-D5%"
24118,"120 mg/mL-D5%"
24155,"20 mEq/50 mL"
24157,"30 mg-600 mg-20 mg"
24170,"5 mg-100 mg/2.5 mL"
24171,"1 mg-3 mg-2 mg/mL"
24172,"30 mg-25 mg-15 mg/5 mL"
24174,"10 mg/mL-NaCl 0.9%"
24175,"2 mg/mL-NaCl 0.9%"
24176,"5 mg/mL-NaCl 0.9%"
24177,"100 mcg/mL-D5%"
24178,"200 mcg/mL-D5%"
24179,"400 mcg/mL-D5%"
24180,"10 mEq/50 mL"
24182,"3 mg-2.5 mg-15 mg/5 mL"
24183,"5 units-2.5 units-18.5 mcg/0.5 mL"
24184,"25 units-10 units-58 mcg/0.5 mL"
24185,"15 units-5 units-23 mcg/0.5 mL"
24186,"6.7 units-5 units-46.8 mcg/0.5 mL"
24212,"0.44%-20.625%"
24220,"5 units-2 units-15.5 mcg/0.5 mL"
24228,"325 mg-8 mg-40 mg-50 mg"
