drug_id,drug_name
"d04726","5-hydroxytryptophan"
"d04376","abacavir"
"d05354","abacavir-lamivudine"
"d04727","abacavir/lamivudine/zidovudine"
"d04908","abarelix"
"d05694","abatacept"
"d03811","abciximab"
"d04986","acamprosate"
"d03846","acarbose"
"d00128","acebutolol"
"d00049","acetaminophen"
"d06833","acetaminophen-aspirin"
"d03456","acetaminophen-butalbital"
"d03922","acetaminophen-caffeine"
"d03296","acetaminophen-chlorpheniramine"
"d03423","acetaminophen-codeine"
"d03378","acetaminophen-dextromethorphan"
"d03445","acetaminophen-diphenhydrAMINE"
"d05661","acetaminophen-guaifenesin"
"d03428","acetaminophen-hydrocodone"
"d03431","acetaminophen-oxycodone"
"d04143","acetaminophen-pamabrom"
"d03682","acetaminophen-pentazocine"
"d03923","acetaminophen-phenylephrine"
"d03297","acetaminophen-phenyltoloxamine"
"d03434","acetaminophen-propoxyphene"
"d03289","acetaminophen-pseudoephedrine"
"d04333","acetaminophen-salicylamide"
"d04766","acetaminophen-tramadol"
"d00161","acetaZOLAMIDE"
"d04228","acetic acid otic"
"d03623","acetic acid topical"
"d04033","acetic acid-aluminum acetate otic"
"d03626","acetic acid-desonide otic"
"d03625","acetic acid-hydrocortisone otic"
"d00162","acetoHEXAMIDE"
"d01433","acetohydroxamic acid"
"d00912","acetylcarbromal"
"d01188","acetylcholine ophthalmic"
"d00762","acetylcysteine"
"d03836","acitretin"
"d03753","acrivastine"
"d03754","acrivastine-pseudoephedrine"
"d00001","acyclovir"
"d03201","acyclovir topical"
"d04835","adalimumab"
"d04015","adapalene topical"
"d04814","adefovir"
"d00164","adenosine"
"d04866","agalsidase beta"
"d03883","Al hydroxide/ASA/Ca carbonate/Mg hydroxide"
"d03479","Al hydroxide/Ca carbonate/Mg OH/simethicone"
"d03478","Al hydroxide/Mg hydroxide/simethicone"
"d03806","albendazole"
"d02376","albumin human"
"d00749","albuterol"
"d04066","albuterol-ipratropium"
"d01282","alclometasone topical"
"d01375","aldesleukin"
"d05449","aldioxa topical"
"d05450","aldioxa-chloroxylenol topical"
"d04843","alefacept"
"d04756","alemtuzumab"
"d03849","alendronate"
"d05526","alendronate-cholecalciferol"
"d00167","alfentanil"
"d04797","alfuzosin"
"d05227","alginic acid"
"d03591","alginic acid/Al hydroxide/Mg carbonate"
"d03596","alginic acid/Al hydroxide/Mg trisilicate"
"d00596","alglucerase"
"d05787","alglucosidase alfa"
"d06665","aliskiren"
"d04385","alitretinoin topical"
"d03637","allantoin topical"
"d03710","allantoin/camphor/phenol topical"
"d00023","allopurinol"
"d04757","almotriptan"
"d05964","aloe vera"
"d03707","aloe vera topical"
"d05420","AlOH/diphenhyd/lidocaine/MgOH/simeth topical"
"d04516","alosetron"
"d00775","alpha 1-proteinase inhibitor"
"d05471","alpha-D-galactosidase"
"d06655","alpha-lipoic acid"
"d00168","alprazolam"
"d01387","alprostadil"
"d00521","alteplase"
"d01372","altretamine"
"d03687","aluminum acetate topical"
"d00981","aluminum carbonate"
"d01322","aluminum chloride hexahydrate topical"
"d00978","aluminum hydroxide"
"d03474","aluminum hydroxide-magnesium hydroxide"
"d03482","aluminum hydroxide-mineral oil"
"d03688","aluminum sulfate topical"
"d03690","aluminum sulfate-calcium acetate topical"
"d00086","amantadine"
"d01420","ambenonium"
"d01283","amcinonide topical"
"d03868","amifostine"
"d00087","amikacin"
"d00169","amiloride"
"d03193","amiloride-hydrochlorothiazide"
"d04088","amino acids topical"
"d04089","amino acids-urea topical"
"d00528","aminocaproic acid"
"d00591","aminoglutethimide"
"d04085","aminohippurate"
"d04501","aminolevulinic acid topical"
"d00758","aminophylline"
"d03274","aminophylline-guaifenesin"
"d03929","aminophylline/amobarbital/ephedrine"
"d03285","aminophylline/ephedrine/guaifenesin/PB"
"d03286","aminophylline/ephedrine/PB/K iodide"
"d01099","aminosalicylate sodium"
"d04226","aminosalicylic acid"
"d00002","amiodarone"
"d00146","amitriptyline"
"d03462","amitriptyline-chlordiazepoxide"
"d03463","amitriptyline-perphenazine"
"d04107","amlexanox topical"
"d00689","amlodipine"
"d05048","amlodipine-atorvastatin"
"d03829","amlodipine-benazepril"
"d01255","ammoniated mercury topical"
"d04359","ammoniated mercury-salicylic acid topical"
"d00476","ammonium chloride"
"d03918","ammonium chloride/CPM/codeine/PE"
"d03422","ammonium chloride/CPM/DM/ephedrine/ipecac/PE"
"d04049","ammonium lactate topical"
"d04816","ammonium lactate-pramoxine topical"
"d05774","ammonium lactate-urea topical"
"d00481","ammonium molybdate tetrahydrate"
"d00171","amobarbital"
"d04005","amobarbital-secobarbital"
"d00874","amoxapine"
"d00088","amoxicillin"
"d00089","amoxicillin-clavulanate"
"d04272","amoxicillin/clarithromycin/lansoprazole"
"d00803","amphetamine"
"d04035","amphetamine-dextroamphetamine"
"d00077","amphotericin B"
"d04100","amphotericin B cholesteryl sulfate"
"d03870","amphotericin B lipid complex"
"d04238","amphotericin B liposomal"
"d03207","amphotericin B topical"
"d00003","ampicillin"
"d03983","ampicillin-probenecid"
"d00090","ampicillin-sulbactam"
"d04428","amprenavir"
"d00666","amyl nitrite"
"d04087","amyl nitrite/Na nitrite/Na thiosulfate"
"d03054","amylase"
"d03896","amylase/cellulase/lipase/protease"
"d04126","anagrelide"
"d04775","anakinra"
"d03873","anastrozole"
"d03581","anhydrous calcium iodide"
"d03630","anhydrous calcium iodide-codeine"
"d03582","anhydrous calcium iodide-isoproterenol"
"d05767","anidulafungin"
"d00519","anisindione"
"d00522","anistreplase"
"d03619","antazoline ophthalmic"
"d03620","antazoline-naphazoline ophthalmic"
"d01254","anthralin topical"
"d04858","anthrax vaccine adsorbed"
"d00526","anti-inhibitor coagulant complex"
"d05974","antihemophilic factor"
"d00525","antihemophilic factor (obsolete)"
"d05874","antihemophilic factor-von Willebrand factor"
"d03624","antipyrine otic"
"d03627","antipyrine-benzocaine otic"
"d03628","antipyrine/benzocaine/phenylephrine otic"
"d00524","antithrombin III"
"d01146","antivenin (black widow spider)"
"d01144","antivenin (Crotalidae) polyvalent"
"d04361","antivenin (Micrurus fulvius)"
"d03443","APAP/Al hydroxide/ASA/caffeine/Mg hydroxide"
"d03439","APAP/ASA/caffeine"
"d03437","APAP/ASA/caffeine/salicylamide"
"d03293","APAP/ASA/PPA"
"d05533","APAP/brompheniramine/dextromethorphan/PSE"
"d03324","APAP/brompheniramine/phenylpropanolamine"
"d03321","APAP/brompheniramine/pseudoephedrine"
"d03455","APAP/butalbital/caffeine"
"d03425","APAP/butalbital/caffeine/codeine"
"d03326","APAP/caffeine/chlorpheniramine/PPA"
"d03346","APAP/caffeine/CPM/hydrocodone/PE"
"d04269","APAP/caffeine/dihydrocodeine"
"d04345","APAP/caffeine/guaifenesin/phenylephrine"
"d05644","APAP/caffeine/isometheptene mucate"
"d06080","APAP/caffeine/magnesium salicylate"
"d05775","APAP/caffeine/mg salicylate/phenyltoloxamine"
"d05701","APAP/caffeine/phenyltoloxamine"
"d05292","APAP/caffeine/phenyltoloxamine/salicylamide"
"d04354","APAP/caffeine/PPA/salicylamide"
"d03926","APAP/caffeine/pyrilamine"
"d04348","APAP/chlorpheniramine/codeine/phenylephrine"
"d05383","APAP/chlorpheniramine/dextromethorphan"
"d05757","APAP/chlorpheniramine/dextromethorphan/PE"
"d03908","APAP/chlorpheniramine/dextromethorphan/PPA"
"d03347","APAP/chlorpheniramine/dextromethorphan/PSE"
"d03325","APAP/chlorpheniramine/guaifenesin/PPA"
"d03331","APAP/chlorpheniramine/phenylephrine"
"d03319","APAP/chlorpheniramine/phenylpropanolamine"
"d03320","APAP/chlorpheniramine/pseudoephedrine"
"d04751","APAP/clemastine/pseudoephedrine"
"d03336","APAP/CPM/phenylephrine/PPA/pyrilamine"
"d03333","APAP/CPM/phenylephrine/salicylamide"
"d03755","APAP/dexbrompheniramine/pseudoephedrine"
"d05495","APAP/dextromethorphan/diphenhydramine"
"d04165","APAP/dextromethorphan/diphenhydramine/PSE"
"d05366","APAP/dextromethorphan/doxylamine"
"d04793","APAP/dextromethorphan/doxylamine/PE"
"d03349","APAP/dextromethorphan/doxylamine/PSE"
"d05778","APAP/dextromethorphan/guaifenesin/PE"
"d03412","APAP/dextromethorphan/guaifenesin/PPA"
"d04166","APAP/dextromethorphan/guaifenesin/PSE"
"d05583","APAP/dextromethorphan/phenylephrine"
"d04167","APAP/dextromethorphan/phenylpropanolamine"
"d03913","APAP/dextromethorphan/PSE/pyrilamine"
"d03342","APAP/dextromethorphan/pseudoephedrine"
"d03459","APAP/dichloralphenazone/isometheptene"
"d05654","APAP/diphenhydramine/phenylephrine"
"d04168","APAP/diphenhydramine/pseudoephedrine"
"d04738","APAP/doxylamine/pseudoephedrine"
"d05544","APAP/guaifenesin/phenylephrine"
"d05536","APAP/guaifenesin/pseudoephedrine"
"d04346","APAP/pamabrom/pyridoxine"
"d03586","APAP/pamabrom/pyrilamine"
"d05768","APAP/pheniramine/phenylephrine"
"d05351","APAP/phenyltoloxamine/salicylamide"
"d03330","APAP/pseudoephedrine/triprolidine"
"d04991","apomorphine"
"d01185","apraclonidine ophthalmic"
"d04855","aprepitant"
"d03185","aprotinin"
"d04216","arbutamine"
"d04136","ardeparin"
"d05893","arformoterol"
"d04698","argatroban"
"d00578","arginine"
"d04825","aripiprazole"
"d01325","arnica topical"
"d04720","arsenic trioxide"
"d04536","articaine"
"d04535","articaine-epinephrine"
"d03351","ASA/brompheniramine/dextromethorphan/PPA"
"d03457","ASA/butalbital/caffeine"
"d03426","ASA/butalbital/caffeine/codeine"
"d03430","ASA/caffeine/dihydrocodeine"
"d03472","ASA/caffeine/orphenadrine"
"d03435","ASA/caffeine/propoxyphene"
"d03447","ASA/caffeine/salicylamide"
"d03470","ASA/carisoprodol/codeine"
"d04792","ASA/chlorpheniramine/dextromethorphan"
"d04169","ASA/chlorpheniramine/dextromethorphan/PPA"
"d03322","ASA/chlorpheniramine/phenylpropanolamine"
"d03680","ASA/citric acid/Na bicarb"
"d03329","ASA/diphenhydramine/PPA"
"d00426","ascorbic acid"
"d03946","ascorbic acid-ferrous fumarate"
"d03149","ascorbic acid-ferrous sulfate"
"d05470","ascorbic acid-iron polysaccharide"
"d01379","asparaginase"
"d00170","aspirin"
"d03458","aspirin-butalbital"
"d03449","aspirin-caffeine"
"d03469","aspirin-carisoprodol"
"d03424","aspirin-codeine"
"d04155","aspirin-diphenhydrAMINE"
"d04497","aspirin-dipyridamole"
"d03429","aspirin-hydrocodone"
"d03448","aspirin-meprobamate"
"d03468","aspirin-methocarbamol"
"d03432","aspirin-oxycodone"
"d03683","aspirin-pentazocine"
"d03453","aspirin-phenyltoloxamine"
"d04883","aspirin-pravastatin"
"d03291","aspirin-pseudoephedrine"
"d00794","astemizole"
"d04882","atazanavir"
"d00004","atenolol"
"d03258","atenolol-chlorthalidone"
"d04827","atomoxetine"
"d04105","atorvastatin"
"d01120","atovaquone"
"d04547","atovaquone-proguanil"
"d00173","atracurium"
"d00174","atropine"
"d03212","atropine ophthalmic"
"d03505","atropine-difenoxin"
"d03506","atropine-diphenoxylate"
"d04020","atropine-edrophonium"
"d03490","atropine-phenobarbital"
"d03339","atropine/CPM/hyoscyamine/PE/PPA/scopolamine"
"d04872","atropine/CPM/hyoscyamine/PE/scopolamine"
"d06648","atropine/CPM/hyoscyamine/PSE/scopolamine"
"d03485","atropine/hyoscyamine/PB/scopolamine"
"d03056","attapulgite"
"d00818","auranofin"
"d00820","aurothioglucose"
"d05293","azacitidine"
"d00791","azatadine"
"d03304","azatadine-pseudoephedrine"
"d00024","azathioprine"
"d03848","azelaic acid topical"
"d04068","azelastine nasal"
"d04541","azelastine ophthalmic"
"d00091","azithromycin"
"d04381","azithromycin-trovafloxacin"
"d00067","aztreonam"
"d00151","bacampicillin"
"d01115","bacitracin"
"d03927","bacitracin ophthalmic"
"d03756","bacitracin topical"
"d03965","bacitracin-polymyxin B ophthalmic"
"d03527","bacitracin-polymyxin B topical"
"d04198","bacitracin/diperodin/neomycin/polymyxin B top"
"d03963","bacitracin/HC/neomycin/polymyxin B ophthalmic"
"d04196","bacitracin/HC/neomycin/polymyxin B topical"
"d03550","bacitracin/lidocaine/neomycin/polymyxin B top"
"d03964","bacitracin/neomycin/polymyxin B ophthalmic"
"d03524","bacitracin/neomycin/polymyxin B topical"
"d04430","bacitracin/neomycin/polymyxin B/pramoxine top"
"d04390","bacitracin/polymyxin B/pramoxine topical"
"d00967","baclofen"
"d04700","balsalazide"
"d03697","balsam Peru topical"
"d04437","balsam Peru-castor oil topical"
"d03699","balsam Peru/benzyl benzoate/bismuth/Zn oxide"
"d03904","balsam Peru/castor oil/trypsin topical"
"d04495","barberry"
"d01445","barium sulfate"
"d04314","basiliximab"
"d01150","BCG"
"d04264","becaplermin topical"
"d00760","beclomethasone"
"d04275","beclomethasone nasal"
"d04469","bee pollen"
"d00988","belladonna"
"d03486","belladonna-butabarbital"
"d03436","belladonna-opium"
"d03461","belladonna/caffeine/ergotamine/pentobarbital"
"d03495","belladonna/ergotamine/phenobarbital"
"d00730","benazepril"
"d03265","benazepril-hydrochlorothiazide"
"d00641","bendroflumethiazide"
"d03259","bendroflumethiazide-nadolol"
"d03255","bendroflumethiazide-rauwolfia serpentina"
"d03621","benoxinate ophthalmic"
"d03622","benoxinate-fluorescein ophthalmic"
"d04062","bentoquatam topical"
"d01333","benzalkonium chloride topical"
"d05878","benzalkonium chloride-benzocaine topical"
"d03987","benzocaine otic"
"d00813","benzocaine topical"
"d03634","benzocaine-cetylpyridinium topical"
"d04183","benzocaine-chloroxylenol topical"
"d03940","benzocaine-dextromethorphan"
"d04367","benzocaine-docusate"
"d04151","benzocaine-trimethobenzamide"
"d03888","benzocaine/butamben/tetracaine topical"
"d03691","benzocaine/phenol/povidone iodine topical"
"d03390","benzocaine/phenylephrine/PPA"
"d03058","benzoic acid"
"d04021","benzoic acid-salicylic acid topical"
"d03517","benzoic acid/methenamine/sodium salicylate"
"d03649","benzoin topical"
"d00796","benzonatate"
"d01246","benzoyl peroxide topical"
"d04742","benzoyl peroxide-clindamycin topical"
"d03857","benzoyl peroxide-erythromycin topical"
"d04081","benzoyl peroxide-hydrocortisone topical"
"d05897","benzoyl peroxide-salicylic acid topical"
"d03966","benzoyl peroxide-sulfur topical"
"d05238","benzoyl peroxide-urea topical"
"d00807","benzphetamine"
"d00644","benzthiazide"
"d00175","benztropine"
"d03696","benzyl benzoate topical"
"d03692","benzylpenicilloyl-polylysine"
"d00688","bepridil"
"d00777","beractant"
"d01385","beta-carotene"
"d04875","betaine"
"d00628","betamethasone"
"d03197","betamethasone topical"
"d05044","betamethasone-calcipotriene topical"
"d03561","betamethasone-clotrimazole topical"
"d00176","betaxolol"
"d04038","betaxolol ophthalmic"
"d01427","bethanechol"
"d05214","bevacizumab"
"d04507","bexarotene"
"d04701","bexarotene topical"
"d03850","bicalutamide"
"d04476","bilberry"
"d04754","bimatoprost ophthalmic"
"d00417","bioflavonoids"
"d00972","biperiden"
"d01015","bisacodyl"
"d05389","bisacodyl-magnesium citrate"
"d05349","bisacodyl-PEG 3350 with electrolytes"
"d05632","bisacodyl/sodium biphosphate/sodium phosphate"
"d03698","bismuth resorcin topical"
"d04952","bismuth subcitrate potassium"
"d06834","bismuth subcitrate potassium/metronidazo/TCN"
"d03116","bismuth subgallate"
"d03594","bismuth subnitrate"
"d04179","bismuth subnitrate-calcium hydroxide"
"d01026","bismuth subsalicylate"
"d04061","bismuth subsalicylate/metronidazole/TCN"
"d00709","bisoprolol"
"d03744","bisoprolol-hydrochlorothiazide"
"d00754","bitolterol"
"d04744","bivalirudin"
"d04472","black cohosh"
"d05378","black haw"
"d00177","bleomycin"
"d04473","blue cohosh"
"d03989","boric acid ophthalmic"
"d03988","boric acid otic"
"d01225","boric acid topical"
"d04871","bortezomib"
"d04782","bosentan"
"d01227","botulinum toxin type A"
"d04739","botulinum toxin type B"
"d04856","botulism antitoxin"
"d00005","bretylium"
"d05748","brewer's yeast"
"d04922","brilliant green topical"
"d04048","brimonidine ophthalmic"
"d04301","brinzolamide ophthalmic"
"d04150","bromfenac"
"d05518","bromfenac ophthalmic"
"d00178","bromocriptine"
"d03575","bromodiphenhydramine"
"d03576","bromodiphenhydramine-codeine"
"d00785","brompheniramine"
"d03311","brompheniramine-phenylephrine"
"d03302","brompheniramine-phenylpropanolamine"
"d03301","brompheniramine-pseudoephedrine"
"d05434","brompheniramine/carbetapentane/phenylephrine"
"d03367","brompheniramine/codeine/phenylpropanolamine"
"d04905","brompheniramine/dextromethorph/phenylephrine"
"d03372","brompheniramine/dextromethorphan/PPA"
"d03368","brompheniramine/dextromethorphan/PSE"
"d05106","brompheniramine/DM/guaifenesin/phenylephrine"
"d04724","brompheniramine/DM/guaifenesin/PPA"
"d04862","brompheniramine/DM/guaifenesin/PSE"
"d05426","brompheniramine/hydrocodone/phenylephrine"
"d04880","brompheniramine/hydrocodone/pseudoephedrine"
"d03309","brompheniramine/phenylephrine/PPA"
"d04276","budesonide"
"d03640","budesonide nasal"
"d04795","budesonide-formoterol"
"d01016","bulk producing laxatives"
"d00179","bumetanide"
"d00180","bupivacaine"
"d03783","bupivacaine-epinephrine"
"d04852","bupivacaine-fentanyl"
"d04887","bupivacaine-HYDROmorphone"
"d00840","buprenorphine"
"d04819","buprenorphine-naloxone"
"d00181","buPROPion"
"d00182","busPIRone"
"d00183","busulfan"
"d00923","butabarbital"
"d04393","butabarbital/hyoscyamine/phenazopyridine"
"d03061","butalbital"
"d01302","butamben topical"
"d04063","butenafine topical"
"d01234","butoconazole topical"
"d00838","butorphanol"
"d04251","butorphanol nasal"
"d03480","Ca carbonate/Mg hydroxide/simethicone"
"d04112","cabergoline"
"d00801","caffeine"
"d04120","caffeine-ergotamine"
"d04036","caffeine-sodium benzoate"
"d03335","caffeine/pheniramine/PE/Na citrate, salicylat"
"d03653","calamine topical"
"d04689","calamine-diphenhydramine topical"
"d04172","calamine-pramoxine topical"
"d05894","calamine-zinc oxide topical"
"d03127","calcifediol"
"d03788","calcipotriene topical"
"d00598","calcitonin"
"d04232","calcitonin nasal"
"d03126","calcitriol"
"d03689","calcium acetate"
"d04158","calcium acetate topical"
"d04304","calcium acetate-magnesium carbonate"
"d00425","calcium carbonate"
"d03593","calcium carbonate-magnesium carbonate"
"d04290","calcium carbonate-magnesium hydroxide"
"d05630","calcium carbonate-risedronate"
"d03483","calcium carbonate-simethicone"
"d03867","calcium carbonate-sodium fluoride"
"d04723","calcium carbonate/famotidine/Mg hydroxide"
"d03799","calcium chloride"
"d03866","calcium citrate"
"d03817","calcium glubionate"
"d03816","calcium gluceptate"
"d03800","calcium gluconate"
"d04200","calcium glycerophosphate"
"d04201","calcium glycerophosphate-calcium lactate"
"d04178","calcium hydroxide topical"
"d03802","calcium lactate"
"d03803","calcium phosphate, tribasic"
"d03137","calcium-vitamin D"
"d03957","calcium/ferrous fumarate/vitamin D"
"d04330","calfactant"
"d03712","camphor topical"
"d04844","camphor-menthol topical"
"d03713","camphor-phenol topical"
"d04322","candesartan"
"d04711","candesartan-hydrochlorothiazide"
"d03650","candida albicans extract"
"d03879","cannabis (Schedule I substance)"
"d04311","capecitabine"
"d01103","capreomycin"
"d01321","capsaicin topical"
"d04916","capsicum"
"d00006","captopril"
"d03566","captopril-hydrochlorothiazide"
"d03571","caramiphen"
"d03572","caramiphen-phenylpropanolamine"
"d01189","carbachol ophthalmic"
"d00058","carbamazepine"
"d03990","carbamide peroxide otic"
"d01232","carbamide peroxide topical"
"d00092","carbenicillin"
"d03573","carbetapentane"
"d04770","carbetapentane-chlorpheniramine"
"d05875","carbetapentane-diphenhydrAMINE"
"d05361","carbetapentane-guaifenesin"
"d05356","carbetapentane-phenylephrine"
"d04864","carbetapentane-pseudoephedrine"
"d05772","carbetapentane/carbinoxamine/phenylephrine"
"d04445","carbetapentane/chlorpheniramine/phenylephrine"
"d03574","carbetapentane/CPM/ephedrine/phenylephrine"
"d04895","carbetapentane/diphenhydramine/phenylephrine"
"d04741","carbetapentane/guaifenesin/phenylephrine"
"d03583","carbetapentane/PE/PPA/K guaiacolsulfonate"
"d04850","carbetapentane/phenylephrine/pyrilamine"
"d00184","carbidopa"
"d03473","carbidopa-levodopa"
"d04877","carbidopa/entacapone/levodopa"
"d03569","carbinoxamine"
"d05419","carbinoxamine-phenylephrine"
"d03570","carbinoxamine-pseudoephedrine"
"d05150","carbinoxamine/dextromethorphan/phenylephrine"
"d03577","carbinoxamine/dextromethorphan/PSE"
"d05668","carbinoxamine/hydrocodone/phenylephrine"
"d04752","carbinoxamine/hydrocodone/pseudoephedrine"
"d04794","carbinoxamine/methscopolamine/pseudoephedrine"
"d04432","carbonyl iron"
"d00185","carboplatin"
"d00588","carboprost"
"d00960","carisoprodol"
"d01342","carmustine"
"d00708","carteolol"
"d04039","carteolol ophthalmic"
"d03847","carvedilol"
"d03062","casanthranol"
"d03498","casanthranol-docusate"
"d01010","cascara sagrada"
"d03670","cascara sagrada-magnesium hydroxide"
"d03502","cascara sagrada-phenolphthalein"
"d04748","caspofungin"
"d01014","castor oil"
"d04467","cat's claw"
"d00081","cefaclor"
"d00080","cefadroxil"
"d00062","cefamandole"
"d00007","cefazolin"
"d04256","cefdinir"
"d04767","cefditoren"
"d03882","cefepime"
"d00072","cefixime"
"d00093","cefmetazole"
"d00063","cefonicid"
"d00074","cefoperazone"
"d00008","cefotaxime"
"d00055","cefotetan"
"d00094","cefoxitin"
"d00095","cefpodoxime"
"d00073","cefprozil"
"d00009","ceftazidime"
"d03874","ceftibuten"
"d00010","ceftizoxime"
"d00052","ceftriaxone"
"d05649","ceftriaxone-lidocaine"
"d00056","cefuroxime"
"d04380","celecoxib"
"d03063","cellulase"
"d03662","cellulase/hyoscyamin/pancrelipase/phenyltolox"
"d04249","cellulose"
"d01432","cellulose sodium phosphate"
"d00096","cephalexin"
"d00186","cephalothin"
"d00187","cephapirin"
"d00053","cephradine"
"d04140","cerivastatin"
"d03827","cetirizine"
"d04764","cetirizine-pseudoephedrine"
"d04706","cetrorelix"
"d05101","cetuximab"
"d03632","cetylpyridinium topical"
"d04512","cevimeline"
"d04409","chamomile"
"d04494","chaparral"
"d01028","charcoal"
"d04244","charcoal-simethicone"
"d04804","charcoal-sorbitol"
"d00147","chloral hydrate"
"d00188","chlorambucil"
"d00025","chloramphenicol"
"d03992","chloramphenicol ophthalmic"
"d03991","chloramphenicol otic"
"d03199","chloramphenicol topical"
"d03890","chloramphenicol/fibrinolys/desoxyribo topical"
"d03538","chloramphenicol/HC/polymyxin B ophthalmic"
"d04073","chlorcyclizine topical"
"d04074","chlorcyclizine-hydrocortisone topical"
"d00189","chlordiazepoxide"
"d03492","chlordiazepoxide-clidinium"
"d05416","chlordiazepoxide-methscopolamine"
"d01231","chlorhexidine topical"
"d00909","chlormezanone"
"d04195","chlorophyllin"
"d01328","chlorophyllin copper complex topical"
"d01395","chloroprocaine"
"d00035","chloroquine"
"d00190","chlorothiazide"
"d03778","chlorothiazide-methyldopa"
"d03250","chlorothiazide-reserpine"
"d00547","chlorotrianisene"
"d01266","chloroxine topical"
"d04336","chloroxylenol otic"
"d04075","chloroxylenol topical"
"d04173","chloroxylenol-lidocaine topical"
"d04745","chloroxylenol-pramoxine otic"
"d04077","chloroxylenol-undecylenic acid topical"
"d04076","chloroxylenol/hydrocortisone/pramoxine otic"
"d00961","chlorphenesin"
"d00191","chlorpheniramine"
"d05303","chlorpheniramine-codeine"
"d03359","chlorpheniramine-dextromethorphan"
"d04079","chlorpheniramine-epinephrine"
"d03356","chlorpheniramine-hydrocodone"
"d05411","chlorpheniramine-methscopolamine"
"d03300","chlorpheniramine-phenylephrine"
"d03299","chlorpheniramine-phenylpropanolamine"
"d03298","chlorpheniramine-pseudoephedrine"
"d03399","chlorpheniramine/codeine/PE/K iodide"
"d03376","chlorpheniramine/codeine/phenylephrine/PPA"
"d03362","chlorpheniramine/codeine/pseudoephedrine"
"d03369","chlorpheniramine/dextromethorp/phenylephrine"
"d03344","chlorpheniramine/dextromethorphan/PPA"
"d03370","chlorpheniramine/dextromethorphan/PSE"
"d04338","chlorpheniramine/dihydrocodeine/PE/PPA"
"d04904","chlorpheniramine/dihydrocodeine/phenylephrine"
"d04869","chlorpheniramine/dihydrocodeine/PSE"
"d03419","chlorpheniramine/DM/guaifenesin/phenylephrine"
"d05766","chlorpheniramine/DM/methscopolamine"
"d03386","chlorpheniramine/ephedrine/guaifenesin"
"d03392","chlorpheniramine/guaifenesin/phenylephrine"
"d04218","chlorpheniramine/guaifenesin/pseudoephedrine"
"d03361","chlorpheniramine/hydrocodone/phenylephrine"
"d03416","chlorpheniramine/hydrocodone/PSE"
"d04863","chlorpheniramine/ibuprofen/pseudoephedrine"
"d03338","chlorpheniramine/methscopolamine/PE"
"d03337","chlorpheniramine/methscopolamine/PPA"
"d03911","chlorpheniramine/methscopolamine/PSE"
"d03306","chlorpheniramine/PE/phenyltoloxamine"
"d03310","chlorpheniramine/PE/PPA/phenyltoloxamine"
"d03307","chlorpheniramine/phenindamine/PPA"
"d03314","chlorpheniramine/phenylephrine/PPA"
"d03315","chlorpheniramine/phenylephrine/PPA/pyrilamine"
"d03313","chlorpheniramine/phenylephrine/pyrilamine"
"d00064","chlorproMAZINE"
"d00042","chlorproPAMIDE"
"d03993","chlortetracycline ophthalmic"
"d00192","chlorthalidone"
"d03267","chlorthalidone-clonidine"
"d03249","chlorthalidone-reserpine"
"d00962","chlorzoxazone"
"d03129","cholecalciferol"
"d01154","cholera vaccine"
"d00193","cholestyramine"
"d03159","choline"
"d03064","choline bitartrate"
"d00492","choline salicylate"
"d03651","choline salicylate-magnesium salicylate"
"d03893","choline-dexpanthenol"
"d04419","chondroitin"
"d04420","chondroitin-glucosamine"
"d05703","chondroitin/glucosamine/methylsulfonylmethane"
"d00572","chorionic gonadotropin (HCG)"
"d04250","chromic chloride hexahydrate"
"d04528","chromic phosphate p32"
"d04142","chromium picolinate"
"d01388","chymopapain"
"d01202","chymotrypsin ophthalmic"
"d05899","ciclesonide nasal"
"d01272","ciclopirox topical"
"d04028","cidofovir"
"d04402","cilastatin"
"d04382","cilostazol"
"d00140","cimetidine"
"d05218","cinacalcet"
"d03065","cinnamedrine"
"d01129","cinoxacin"
"d00011","ciprofloxacin"
"d03211","ciprofloxacin ophthalmic"
"d04287","ciprofloxacin otic"
"d04890","ciprofloxacin-dexamethasone otic"
"d04288","ciprofloxacin-hydrocortisone otic"
"d03166","cisapride"
"d03875","cisatracurium"
"d00195","cisplatin"
"d04332","citalopram"
"d03066","citric acid"
"d00439","citric acid-potassium citrate"
"d03952","citric acid-sodium citrate"
"d03716","citric acid/gluconodelta-lactone/Mg carbonate"
"d03951","citric acid/K citrate/Na citrate"
"d03001","cladribine"
"d00097","clarithromycin"
"d04405","clavulanate"
"d00780","clemastine"
"d03303","clemastine-phenylpropanolamine"
"d00991","clidinium"
"d00043","clindamycin"
"d01241","clindamycin topical"
"d05973","clindamycin-tretinoin topical"
"d01270","clioquinol topical"
"d03552","clioquinol-hydrocortisone topical"
"d03553","clioquinol/hydrocortisone/pramoxine topical"
"d01288","clobetasol topical"
"d01289","clocortolone topical"
"d05423","clofarabine"
"d01121","clofazimine"
"d00196","clofibrate"
"d00569","clomiPHENE"
"d00876","clomiPRAMINE"
"d00197","clonazepam"
"d00044","clonidine"
"d04277","clonidine topical"
"d04258","clopidogrel"
"d00198","clorazepate"
"d01236","clotrimazole"
"d04395","clotrimazole topical"
"d04468","clove"
"d00152","cloxacillin"
"d00199","clozapine"
"d05963","coagulation factor IX"
"d04719","coagulation factor VIIa"
"d03703","coal tar topical"
"d04352","coal tar-salicylic acid topical"
"d04351","coal tar/lactic acid/salicylic acid topical"
"d03704","coal tar/salicylic acid/sulfur topical"
"d03878","cocaine (Schedule I substance)"
"d01306","cocaine topical"
"d01175","coccidioidin skin test"
"d00012","codeine"
"d03393","codeine-guaifenesin"
"d03394","codeine-iodinated glycerol"
"d03357","codeine-promethazine"
"d03341","codeine-pseudoephedrine"
"d03407","codeine/guaifenesin/phenylpropanolamine"
"d03398","codeine/guaifenesin/PSE"
"d03584","codeine/pheniramine/phenylephrine/Na citrate"
"d03364","codeine/phenylephrine/promethazine"
"d03365","codeine/phenylephrine/pyrilamine"
"d03363","codeine/pseudoephedrine/triprolidine"
"d00150","colchicine"
"d03652","colchicine-probenecid"
"d04695","colesevelam"
"d00744","colestipol"
"d00776","colfosceril"
"d01113","colistimethate"
"d01112","colistin sulfate otic"
"d04192","colistin/HC/neomycin/thonzonium otic"
"d01315","collagenase topical"
"d03994","colloidal oatmeal topical"
"d04502","comfrey"
"d05699","conivaptan"
"d00541","conjugated estrogens"
"d04396","conjugated estrogens topical"
"d03819","conjugated estrogens-medroxyPROGESTERone"
"d04202","conjugated estrogens-meprobamate"
"d03244","conjugated estrogens-methylTESTOSTERone"
"d04203","copper chloride"
"d04362","copper gluconate"
"d04204","copper sulfate"
"d03701","corn starch topical"
"d04013","corticorelin"
"d00604","corticotropin"
"d00609","cortisone"
"d00607","cosyntropin"
"d04470","cranberry"
"d04417","creatine"
"d00200","cromolyn"
"d04394","cromolyn nasal"
"d00765","cromolyn ophthalmic"
"d01280","crotamiton topical"
"d00413","cyanocobalamin"
"d04278","cyanocobalamin nasal"
"d06653","cyanocobalamin/folic acid/pyridoxine/strontiu"
"d00692","cyclandelate"
"d00858","cyclizine"
"d00963","cyclobenzaprine"
"d01201","cyclopentolate ophthalmic"
"d03521","cyclopentolate-phenylephrine ophthalmic"
"d00036","cyclophosphamide"
"d01101","cycloSERINE"
"d00079","cycloSPORINE"
"d04836","cycloSPORINE ophthalmic"
"d00790","cyproheptadine"
"d03794","cysteamine"
"d04181","cysteine"
"d00201","cytarabine"
"d04834","cytarabine liposomal"
"d01134","cytomegalovirus immune globulin"
"d03995","d-xylose"
"d00202","dacarbazine"
"d04262","daclizumab"
"d00203","dactinomycin"
"d04456","dalfopristin"
"d04457","dalfopristin-quinupristin"
"d03812","dalteparin"
"d04482","damiana"
"d04114","danaparoid"
"d00204","danazol"
"d04483","dandelion"
"d00968","dantrolene"
"d01198","dapiprazole ophthalmic"
"d00098","dapsone"
"d05543","dapsone topical"
"d04894","daptomycin"
"d04771","darbepoetin alfa"
"d05422","darifenacin"
"d05825","darunavir"
"d05831","dasatinib"
"d00205","DAUNOrubicin"
"d04239","DAUNOrubicin liposomal"
"d05788","decitabine"
"d05659","deferasirox"
"d01402","deferoxamine"
"d01030","dehydrocholic acid"
"d04425","dehydroepiandrosterone"
"d04119","delavirdine"
"d01194","demecarium bromide ophthalmic"
"d01068","demeclocycline"
"d04386","denileukin diftitox"
"d03563","deserpidine"
"d03565","deserpidine-hydrochlorothiazide"
"d03564","deserpidine-methyclothiazide"
"d02374","desflurane"
"d00145","desipramine"
"d04865","desirudin"
"d04785","desloratadine"
"d05473","desloratadine-pseudoephedrine"
"d00583","desmopressin"
"d04358","desmopressin nasal"
"d03780","desogestrel"
"d03782","desogestrel-ethinyl estradiol"
"d01290","desonide topical"
"d01291","desoximetasone topical"
"d04474","devil's claw"
"d00206","dexamethasone"
"d04234","dexamethasone nasal"
"d03968","dexamethasone ophthalmic"
"d04891","dexamethasone otic"
"d00626","dexamethasone topical"
"d04237","dexamethasone-lidocaine"
"d03535","dexamethasone-neomycin ophthalmic"
"d03969","dexamethasone-neomycin topical"
"d03536","dexamethasone-tobramycin ophthalmic"
"d03537","dexamethasone/neomycin/polymyxin B ophthalmic"
"d03750","dexbrompheniramine"
"d03751","dexbrompheniramine-pseudoephedrine"
"d06666","dexbrompheniramine-pyrilamine"
"d06667","dexbrompheniramine/dextromethor/PE/pyrilamine"
"d05157","dexbrompheniramine/dextromethorphan/PE"
"d06058","dexbrompheniramine/hydrocodone/phenylephrine"
"d06668","dexbrompheniramine/phenylephrine/pyrilamine"
"d00784","dexchlorpheniramine"
"d04817","dexchlorpheniramine-pseudoephedrine"
"d05892","dexchlorpheniramine/dextrometho/PE/pyrilamine"
"d05876","dexchlorpheniramine/dextromethorphan/PE"
"d04818","dexchlorpheniramine/dextromethorphan/PSE"
"d03914","dexchlorpheniramine/guaifenesin/PSE"
"d05365","dexchlorpheniramine/hydrocodone/phenylephrine"
"d06835","dexchlorpheniramine/methscopolamine/PE"
"d05539","dexchlorpheniramine/methscopolamine/PSE"
"d04006","dexfenfluramine"
"d04505","dexmedetomidine"
"d04777","dexmethylphenidate"
"d01001","dexpanthenol"
"d03970","dexpanthenol topical"
"d03841","dexrazoxane"
"d02377","dextran 1"
"d03114","dextran, high molecular weight"
"d03113","dextran, low molecular weight"
"d01317","dextranomer topical"
"d00804","dextroamphetamine"
"d00207","dextromethorphan"
"d03400","dextromethorphan-guaifenesin"
"d05814","dextromethorphan-phenylephrine"
"d03355","dextromethorphan-phenylpropanolamine"
"d04339","dextromethorphan-potassium guaiacolsulfonate"
"d03360","dextromethorphan-promethazine"
"d03354","dextromethorphan-pseudoephedrine"
"d05877","dextromethorphan/diphenhydrAMINE/PE"
"d05119","dextromethorphan/GG/K guaiacolsulfonate"
"d03408","dextromethorphan/guaifenesin/phenylephrine"
"d03411","dextromethorphan/guaifenesin/PPA"
"d03409","dextromethorphan/guaifenesin/pseudoephedrine"
"d05384","dextromethorphan/pheniramine/phenylephrine"
"d03371","dextromethorphan/phenylephrine/pyrilamine"
"d00747","dextrothyroxine sodium"
"d00837","dezocine"
"d01473","diatrizoate"
"d03786","diatrizoate-iodipamide"
"d00148","diazepam"
"d00129","diazoxide"
"d01301","dibucaine topical"
"d03068","dichloralphenazone"
"d01312","dichloroacetic acid topical"
"d04307","dichlorodifluoromethane topical"
"d04906","dichlorotetrafluorethane topical"
"d04907","dichlorotetrafluorethane-ethyl Cl topical"
"d00639","dichlorphenamide"
"d00848","diclofenac"
"d03213","diclofenac ophthalmic"
"d04722","diclofenac topical"
"d04271","diclofenac-misoprostol"
"d00153","dicloxacillin"
"d03889","dicumarol"
"d00999","dicyclomine"
"d00078","didanosine"
"d03996","dienestrol topical"
"d00810","diethylpropion"
"d00546","diethylstilbestrol"
"d03069","difenoxin"
"d01292","diflorasone topical"
"d00208","diflunisal"
"d05433","digestive enzymes/hyoscyamine/phenyltoloxamin"
"d00209","digitoxin"
"d00210","digoxin"
"d01410","digoxin immune FAB"
"d03168","dihydrocodeine"
"d04870","dihydrocodeine/guaifenesin/pseudoephedrine"
"d00211","dihydroergotamine"
"d04268","dihydroergotamine nasal"
"d03125","dihydrotachysterol"
"d01327","dihydroxyacetone topical"
"d00980","dihydroxyaluminum sodium carbonate"
"d00045","diltiazem"
"d04060","diltiazem-enalapril"
"d00861","dimenhyDRINATE"
"d01401","dimercaprol"
"d01431","dimethyl sulfoxide"
"d04400","dimethyl sulfoxide topical"
"d00589","dinoprostone topical"
"d03070","diperodon topical"
"d00212","diphenhydrAMINE"
"d03760","diphenhydrAMINE topical"
"d04439","diphenhydrAMINE-hydrocortisone topical"
"d05819","diphenhydrAMINE-ibuprofen"
"d04175","diphenhydrAMINE-magnesium salicylate"
"d04861","diphenhydrAMINE-phenylephrine"
"d03312","diphenhydrAMINE-pseudoephedrine"
"d04174","diphenhydrAMINE-tripelennamine topical"
"d05216","diphenhydrAMINE-zinc acetate topical"
"d04925","diphenhydrAMINE/hydrocodone/phenylephrine"
"d03071","diphenoxylate"
"d03110","diphth/pertussis, acel/tetanus (obsolete)"
"d01142","diphtheria antitoxin"
"d04317","diphtheria toxoid"
"d05338","diphtheria-tetanus toxoids"
"d03003","diphtheria-tetanus toxoids (obsolete)"
"d04320","diphtheria/haemophilus/pertussis,acel/tetanus"
"d04019","diphtheria/haemophilus/pertussis,whl/tetanus"
"d04832","diphtheria/hepB/pertussis,acel/polio/tetanus"
"d05781","diphtheria/pertussis, acel/tetanus adult"
"d05782","diphtheria/pertussis, acel/tetanus pediatric"
"d03004","diphtheria/pertussis, whole cell/tetanus"
"d01184","dipivefrin ophthalmic"
"d00213","dipyridamole"
"d03844","dirithromycin"
"d00214","disopyramide"
"d01389","disulfiram"
"d03833","divalproex sodium"
"d00215","DOBUTamine"
"d04009","docetaxel"
"d04702","docosanol topical"
"d01021","docusate"
"d03661","docusate-ferrous fumarate"
"d03497","docusate-phenolphthalein"
"d03496","docusate-senna"
"d04459","dofetilide"
"d04214","dolasetron"
"d04099","donepezil"
"d04464","dong quai"
"d00216","DOPamine"
"d03173","dornase alfa"
"d03805","dorzolamide ophthalmic"
"d04303","dorzolamide-timolol ophthalmic"
"d00957","doxacurium"
"d00802","doxapram"
"d00726","doxazosin"
"d00217","doxepin"
"d03774","doxepin topical"
"d04435","doxercalciferol"
"d00218","DOXOrubicin"
"d04004","DOXOrubicin liposomal"
"d00037","doxycycline"
"d04347","doxycycline topical"
"d03154","doxylamine"
"d00866","dronabinol"
"d00219","droperidol"
"d03464","droperidol-fentanyl"
"d04759","drospirenone"
"d05530","drospirenone-estradiol"
"d04760","drospirenone-ethinyl estradiol"
"d04780","drotrecogin alfa"
"d05355","duloxetine"
"d04788","dutasteride"
"d01305","dyclonine topical"
"d00759","dyphylline"
"d03276","dyphylline-guaifenesin"
"d03288","dyphylline/ephedrine/guaifenesin/PB"
"d04407","echinacea"
"d01195","echothiophate iodide ophthalmic"
"d01271","econazole topical"
"d06673","eculizumab"
"d01403","edetate calcium disodium"
"d00742","edetate disodium (EDTA)"
"d00220","edrophonium"
"d04902","efalizumab"
"d04355","efavirenz"
"d05847","efavirenz/emtricitabine/tenofovir"
"d04704","eflornithine topical"
"d03953","electrolyte replacement solutions, oral"
"d04849","eletriptan"
"d04281","emedastine ophthalmic"
"d03770","emollients, topical"
"d04884","emtricitabine"
"d05352","emtricitabine-tenofovir"
"d00013","enalapril"
"d04116","enalapril-felodipine"
"d03740","enalapril-hydrochlorothiazide"
"d00937","enflurane"
"d04853","enfuvirtide"
"d00099","enoxacin"
"d03041","enoxaparin"
"d04460","entacapone"
"d05525","entecavir"
"d00700","ephedrine"
"d04335","ephedrine nasal"
"d03380","ephedrine-guaifenesin"
"d04334","ephedrine-potassium iodide"
"d03282","ephedrine/guaifenesin/theophylline"
"d03283","ephedrine/hydroxyzine/theophylline"
"d03287","ephedrine/PB/K iodide/theophylline"
"d03280","ephedrine/phenobarbital/theophylline"
"d04898","epinastine ophthalmic"
"d00699","epinephrine"
"d03971","epinephrine ophthalmic"
"d01181","epinephrine topical"
"d03997","epinephrine-etidocaine"
"d03784","epinephrine-lidocaine"
"d03518","epinephrine-pilocarpine ophthalmic"
"d04217","epinephrine-prilocaine"
"d04454","epirubicin"
"d04815","eplerenone"
"d00223","epoetin alfa"
"d03842","epoprostenol"
"d04266","eprosartan"
"d04837","eprosartan-hydrochlorothiazide"
"d04316","eptifibatide"
"d03128","ergocalciferol"
"d00902","ergoloid mesylates"
"d00586","ergonovine"
"d00222","ergotamine"
"d05412","erlotinib"
"d04783","ertapenem"
"d00046","erythromycin"
"d03973","erythromycin ophthalmic"
"d03200","erythromycin topical"
"d03509","erythromycin-sulfisoxazole"
"d04812","escitalopram"
"d00224","esmolol"
"d04749","esomeprazole"
"d00915","estazolam"
"d00542","esterified estrogens"
"d03245","esterified estrogens-methyltestosterone"
"d00537","estradiol"
"d04210","estradiol topical"
"d04914","estradiol-levonorgestrel"
"d04721","estradiol-medroxyPROGESTERone"
"d04375","estradiol-norethindrone"
"d04341","estradiol-norethindrone topical"
"d04506","estradiol-norgestimate"
"d03389","estradiol-testosterone"
"d01351","estramustine"
"d00534","estrone"
"d00543","estropipate"
"d04211","estropipate topical"
"d05421","eszopiclone"
"d04365","etanercept"
"d00649","ethacrynic acid"
"d00068","ethambutol"
"d03162","ethanol"
"d04236","ethanol topical"
"d01382","ethanolamine oleate"
"d00696","ethaverine"
"d00226","ethchlorvynol"
"d00229","ethinyl estradiol"
"d03388","ethinyl estradiol-ethynodiol"
"d04773","ethinyl estradiol-etonogestrel"
"d03242","ethinyl estradiol-levonorgestrel"
"d04779","ethinyl estradiol-norelgestromin"
"d03238","ethinyl estradiol-norethindrone"
"d03781","ethinyl estradiol-norgestimate"
"d03241","ethinyl estradiol-norgestrel"
"d01476","ethiodized oil"
"d01100","ethionamide"
"d00227","ethosuximide"
"d00942","ethotoin"
"d03656","ethyl chloride topical"
"d03073","ethynodiol"
"d01400","etidocaine"
"d00599","etidronate"
"d00851","etodolac"
"d00931","etomidate"
"d04772","etonogestrel"
"d00230","etoposide"
"d01256","etretinate"
"d04421","evening primrose"
"d04461","exemestane"
"d05529","exenatide"
"d04480","eyebright"
"d04824","ezetimibe"
"d05348","ezetimibe-simvastatin"
"d05965","factor IX complex"
"d00527","Factor IX Complex (obsolete)"
"d03775","famciclovir"
"d00141","famotidine"
"d03724","fat emulsion, intravenous"
"d04177","fat emulsion, oral"
"d03170","felbamate"
"d00231","felodipine"
"d00812","fenfluramine"
"d04493","fennel"
"d04286","fenofibrate"
"d04257","fenoldopam"
"d00026","fenoprofen"
"d00233","fentanyl"
"d04313","fentanyl topical"
"d05431","fentanyl-ropivacaine"
"d04492","fenugreek"
"d05647","ferric subsulfate topical"
"d03920","ferrous fumarate"
"d03954","ferrous fumarate-folic acid"
"d05690","ferrous fumarate-iron polysaccharide"
"d05806","ferrous fumarate/FA/iron polysaccharide"
"d03822","ferrous gluconate"
"d03824","ferrous sulfate"
"d04163","ferrous sulfate-folic acid"
"d04388","ferumoxides"
"d05830","ferumoxsil"
"d04410","feverfew"
"d04040","fexofenadine"
"d04270","fexofenadine-pseudoephedrine"
"d03659","fibrinolysin and desoxyribonuclease topical"
"d04840","fibrinolysis inhibitor topical"
"d04841","fibrinolysis inhibitor-thrombin topical"
"d00512","filgrastim"
"d00563","finasteride"
"d01425","flavoxate"
"d04491","flax"
"d00234","flecainide"
"d01344","floxuridine"
"d00071","fluconazole"
"d00038","flucytosine"
"d01346","fludarabine"
"d04705","fludeoxyglucose F18"
"d00608","fludrocortisone"
"d01407","flumazenil"
"d00761","flunisolide"
"d04279","flunisolide nasal"
"d05527","fluocinolone ophthalmic"
"d06032","fluocinolone otic"
"d01293","fluocinolone topical"
"d04791","fluocinolone/hydroquinone/tretinoin topical"
"d01294","fluocinonide topical"
"d05815","fluorescein"
"d01219","fluorescein ophthalmic"
"d03542","fluorescein-proparacaine ophthalmic"
"d00428","fluoride"
"d04397","fluoride topical"
"d04309","fluoromethane topical"
"d03227","fluorometholone ophthalmic"
"d03757","fluorometholone-sulfacetamide sodium ophth"
"d00235","fluorouracil"
"d03204","fluorouracil topical"
"d00236","fluoxetine"
"d04917","fluoxetine-olanzapine"
"d00562","fluoxymesterone"
"d00237","fluphenazine"
"d01295","flurandrenolide topical"
"d00238","flurazepam"
"d00239","flurbiprofen"
"d03220","flurbiprofen ophthalmic"
"d00240","flutamide"
"d01296","fluticasone"
"d04283","fluticasone nasal"
"d04284","fluticasone topical"
"d04611","fluticasone-salmeterol"
"d03183","fluvastatin"
"d03804","fluvoxamine"
"d00241","folic acid"
"d04043","follicle stimulating hormone"
"d04847","follicle stimulating hormone-ganirilex"
"d04274","fomepizole"
"d04343","fomivirsen ophthalmic"
"d04786","fondaparinux"
"d01320","formaldehyde topical"
"d04572","formoterol"
"d04901","fosamprenavir"
"d00065","foscarnet"
"d04106","fosfomycin"
"d00242","fosinopril"
"d04539","fosinopril-hydrochlorothiazide"
"d04041","fosphenytoin"
"d04776","frovatriptan"
"d04799","fulvestrant"
"d00243","furazolidone"
"d00070","furosemide"
"d03182","gabapentin"
"d05428","gadobenate dimeglumine"
"d04083","gadodiamide"
"d01451","gadopentetate dimeglumine"
"d03843","gadoteridol"
"d04515","gadoversetamide"
"d04750","galantamine"
"d05722","gallium citrate 67 Ga"
"d00602","gallium nitrate"
"d05634","galsulfase"
"d00066","ganciclovir"
"d03986","ganciclovir ophthalmic"
"d04447","ganirelix"
"d04411","garlic"
"d04504","gatifloxacin"
"d04857","gatifloxacin ophthalmic"
"d04868","gefitinib"
"d04010","gemcitabine"
"d00245","gemfibrozil"
"d04859","gemifloxacin"
"d04540","gemtuzumab"
"d00014","gentamicin"
"d03974","gentamicin ophthalmic"
"d03196","gentamicin topical"
"d03534","gentamicin-prednisolone ophthalmic"
"d04438","gentian"
"d01239","gentian violet topical"
"d04414","ginger"
"d04413","ginkgo"
"d04412","ginseng"
"d04111","glatiramer"
"d03864","glimepiride"
"d05856","glimepiride-pioglitazone"
"d05674","glimepiride-rosiglitazone"
"d00246","glipiZIDE"
"d04823","glipiZIDE-metformin"
"d00593","glucagon"
"d03715","glucono-delta-lactone"
"d04418","glucosamine"
"d00595","glucose"
"d04230","glucose ophthalmic"
"d00487","glutamic acid"
"d00248","glyBURIDE"
"d04703","glyBURIDE-metformin"
"d00652","glycerin"
"d04398","glycerin nasal"
"d03975","glycerin ophthalmic"
"d04229","glycerin otic"
"d04212","glycerin topical"
"d03763","glycerin-phenol topical"
"d03764","glycerin-witch hazel topical"
"d04084","glycine irrigation"
"d00992","glycopyrrolate"
"d00250","gold sodium thiomalate"
"d04423","goldenseal"
"d00573","gonadorelin"
"d01354","goserelin"
"d04465","gotu kola"
"d04144","gramicidin ophthalmic"
"d03074","gramicidin topical"
"d03525","gramicidin/neomycin/polymyxin B ophthalmic"
"d03171","granisetron"
"d04463","grape seed oil"
"d04490","green tea"
"d04246","grepafloxacin"
"d00100","griseofulvin"
"d00797","guaifenesin"
"d03396","guaifenesin-HYDROcodone"
"d03397","guaifenesin-HYDROmorphone"
"d03279","guaifenesin-oxtriphylline"
"d03381","guaifenesin-phenylephrine"
"d03382","guaifenesin-phenylpropanolamine"
"d05117","guaifenesin-potassium guaiacolsulfonate"
"d03379","guaifenesin-pseudoephedrine"
"d03273","guaifenesin-theophylline"
"d03420","guaifenesin/hydrocodon/pheniram/PPA/pyrilamin"
"d03414","guaifenesin/hydrocodone/pheniramine/PE/PPA"
"d03403","guaifenesin/hydrocodone/phenylephrine"
"d03404","guaifenesin/hydrocodone/pseudoephedrine"
"d03383","guaifenesin/phenylephrine/PPA"
"d04903","guaifenesin/phenylephrine/pyrilamine"
"d00130","guanabenz"
"d00725","guanadrel"
"d00131","guanethidine"
"d03269","guanethidine-hydrochlorothiazide"
"d00717","guanfacine"
"d01422","guanidine"
"d05866","guar gum"
"d04471","guarana"
"d05341","haemophilus b conjugate (HbOC) vaccine"
"d05342","haemophilus b conjugate (PRP-OMP) vaccine"
"d05343","haemophilus b conjugate (PRP-T) vaccine"
"d01158","haemophilus b conjugate vaccine (obsolete)"
"d04059","haemophilus b-hepatitis B vaccine"
"d00904","halazepam"
"d01297","halcinonide topical"
"d01298","halobetasol topical"
"d04842","halofantrine"
"d00027","haloperidol"
"d01276","haloprogin topical"
"d00251","halothane"
"d05535","heme iron polypeptide"
"d04360","hemin"
"d00252","heparin"
"d05340","hepatitis A adult vaccine"
"d05339","hepatitis A pediatric vaccine"
"d03820","hepatitis A vaccine (obsolete)"
"d04685","hepatitis A-hepatitis B vaccine"
"d01136","hepatitis B immune globulin"
"d01166","hepatitis B vaccine"
"d03877","heroin (Schedule I substance)"
"d02378","hetastarch"
"d01332","hexachlorophene topical"
"d05190","hexylresorcinol topical"
"d03892","histamine phosphate"
"d01176","histoplasmin"
"d00575","histrelin"
"d04149","homatropine"
"d01199","homatropine ophthalmic"
"d03340","homatropine-hydrocodone"
"d04813","horse chestnut"
"d05817","human papillomavirus vaccine"
"d05234","hyaluronan"
"d01393","hyaluronidase"
"d00132","hydrALAZINE"
"d03257","hydrALAZINE-hydrochlorothiazide"
"d05540","hydralazine-isosorbide dinitrate"
"d03256","hydralazine/hydrochlorothiazide/reserpine"
"d00253","hydrochlorothiazide"
"d04245","hydrochlorothiazide-irbesartan"
"d03266","hydrochlorothiazide-lisinopril"
"d03830","hydrochlorothiazide-losartan"
"d03263","hydrochlorothiazide-methyldopa"
"d03264","hydrochlorothiazide-metoprolol"
"d04141","hydrochlorothiazide-moexipril"
"d04878","hydrochlorothiazide-olmesartan"
"d03261","hydrochlorothiazide-propranolol"
"d04509","hydrochlorothiazide-quinapril"
"d03251","hydrochlorothiazide-reserpine"
"d03247","hydrochlorothiazide-spironolactone"
"d04737","hydrochlorothiazide-telmisartan"
"d03260","hydrochlorothiazide-timolol"
"d03052","hydrochlorothiazide-triamterene"
"d04293","hydrochlorothiazide-valsartan"
"d03075","hydrocodone"
"d04225","hydrocodone-ibuprofen"
"d04152","hydrocodone-phenylephrine"
"d03353","hydrocodone-phenylpropanolamine"
"d03915","hydrocodone-potassium guaiacolsulfonate"
"d03352","hydrocodone-pseudoephedrine"
"d03375","hydrocodone/pheniramine/PE/PPA/pyrilamine"
"d03366","hydrocodone/phenylephrine/pyrilamine"
"d04350","hydrocodone/potassium guaiacolsulfonate/PSE"
"d06669","hydrocodone/pseudoephedrine/triprolidine"
"d00254","hydrocortisone"
"d04094","hydrocortisone ophthalmic"
"d03976","hydrocortisone otic"
"d03205","hydrocortisone topical"
"d04093","hydrocortisone-iodoquinol topical"
"d04765","hydrocortisone-lidocaine topical"
"d03555","hydrocortisone-neomycin topical"
"d03532","hydrocortisone-oxytetracycline ophthalmic"
"d03544","hydrocortisone-polymyxin B otic"
"d03546","hydrocortisone-pramoxine topical"
"d03560","hydrocortisone-triacetin topical"
"d04688","hydrocortisone-urea topical"
"d04095","hydrocortisone/neomycin/polymyxin B ophth"
"d03543","hydrocortisone/neomycin/polymyxin B otic"
"d04197","hydrocortisone/neomycin/polymyxin B topical"
"d00645","hydroflumethiazide"
"d03252","hydroflumethiazide-reserpine"
"d04003","hydrogen peroxide topical"
"d00255","HYDROmorphone"
"d01319","hydroquinone topical"
"d03133","hydroxocobalamin"
"d03219","hydroxyamphetamine ophthalmic"
"d03523","hydroxyamphetamine-tropicamide ophthalmic"
"d00817","hydroxychloroquine"
"d00554","hydroxyprogesterone"
"d01226","hydroxypropyl methylcellulose ophthalmic"
"d05660","hydroxyquinoline topical"
"d01373","hydroxyurea"
"d00907","hydrOXYzine"
"d04240","hylan G-F 20"
"d00985","hyoscyamine"
"d03515","hyoscyamine-methenamine"
"d03494","hyoscyamine-phenobarbital"
"d03618","hyoscyamine/methenam/m-blue/phenyl salicyl"
"d05357","ibandronate"
"d04845","ibritumomab"
"d00015","ibuprofen"
"d05415","ibuprofen-oxycodone"
"d03292","ibuprofen-pseudoephedrine"
"d03871","ibutilide"
"d03693","ichthammol topical"
"d00256","idarubicin"
"d01214","idoxuridine ophthalmic"
"d05855","idursulfase"
"d00257","ifosfamide"
"d04800","ifosfamide-mesna"
"d05232","iloprost"
"d04758","imatinib"
"d04096","imiglucerase"
"d04401","imipenem"
"d00082","imipenem-cilastatin"
"d00259","imipramine"
"d04125","imiquimod topical"
"d01135","immune globulin intramuscular"
"d01133","immune globulin intravenous"
"d05704","immune globulin subcutaneous"
"d00172","inamrinone"
"d00260","indapamide"
"d03700","indigo carmine"
"d03985","indinavir"
"d05734","indium chloride In-111"
"d05735","indium oxyquinoline In-111"
"d05728","indium pentetate In-111"
"d05840","indium pentetreotide In-111"
"d04098","indocyanine green"
"d00039","indomethacin"
"d04342","infliximab"
"d01164","influenza virus vaccine, inactivated"
"d04892","influenza virus vaccine, live, trivalent"
"d00496","inositol"
"d00262","insulin"
"d04697","insulin aspart"
"d04838","insulin aspart protamine"
"d04839","insulin aspart-insulin aspart protamine"
"d05436","insulin detemir"
"d04538","insulin glargine"
"d05278","insulin glulisine"
"d05765","insulin inhalation, rapid acting"
"d04370","insulin isophane"
"d04374","insulin isophane-insulin regular"
"d04373","insulin lispro"
"d04511","insulin lispro protamine"
"d04510","insulin lispro-insulin lispro protamine"
"d04369","insulin regular"
"d04371","insulin zinc"
"d04372","insulin zinc extended"
"d01368","interferon alfa-2a"
"d01369","interferon alfa-2b"
"d04321","interferon alfa-2b-ribavirin"
"d04444","interferon alfa-n1"
"d01370","interferon alfa-n3"
"d04224","interferon alfacon-1"
"d04011","interferon beta-1a"
"d03051","interferon beta-1b"
"d03008","interferon gamma-1b"
"d03725","intravenous electrolyte solution"
"d04848","inulin"
"d04325","iocetamic acid"
"d01452","iodamide"
"d00799","iodinated glycerol"
"d05776","iodine"
"d04886","iodine I 131 tositumomab"
"d00485","iodine topical"
"d05777","iodine-potassium iodide"
"d01454","iodipamide"
"d04016","iodixanol"
"d01105","iodoquinol"
"d04092","iodoquinol topical"
"d01456","iohexol"
"d01461","iopamidol"
"d01438","iopanoic acid"
"d03840","iopromide"
"d01475","iothalamate"
"d01469","ioversol"
"d03675","ioxaglate"
"d06227","ioxilan"
"d01413","ipecac"
"d01439","ipodate"
"d00265","ipratropium"
"d04235","ipratropium nasal"
"d04222","irbesartan"
"d04026","irinotecan"
"d03767","iron dextran"
"d03823","iron polysaccharide"
"d05631","iron protein succinylate"
"d04725","iron sucrose"
"d00882","isocarboxazid"
"d00751","isoetharine"
"d00267","isoflurane"
"d01197","isoflurophate ophthalmic"
"d03077","isometheptene mucate"
"d00101","isoniazid"
"d03508","isoniazid-rifampin"
"d03776","isoniazid/pyrazinamide/rifampin"
"d03647","isopropyl alcohol topical"
"d00697","isoproterenol"
"d03905","isoproterenol-phenylephrine"
"d00653","isosorbide"
"d00268","isosorbide dinitrate"
"d00269","isosorbide mononitrate"
"d01482","isosulfan blue"
"d01245","isotretinoin"
"d00693","isoxsuprine"
"d00270","isradipine"
"d00102","itraconazole"
"d04101","ivermectin"
"d03109","Japanese encephalitis virus vaccine"
"d04489","jojoba topical"
"d00271","kanamycin"
"d03078","kaolin"
"d03894","kaolin-pectin"
"d04422","kava"
"d00272","ketamine"
"d00103","ketoconazole"
"d03202","ketoconazole topical"
"d00028","ketoprofen"
"d00273","ketorolac"
"d03214","ketorolac ophthalmic"
"d04441","ketotifen ophthalmic"
"d05982","kunecatechins topical"
"d05773","l-methylfolate"
"d00016","labetalol"
"d03897","lactase"
"d04090","lactic acid topical"
"d04302","lactic acid-urea topical"
"d03644","lactobacillus acidophilus"
"d03646","lactobacillus acidophilus and bulgaricus"
"d03645","lactobacillus bulgaricus"
"d05637","lactobacillus rhamnosus GG"
"d01024","lactulose"
"d03858","lamivudine"
"d04219","lamivudine-zidovudine"
"d03809","lamotrigine"
"d03761","lanolin topical"
"d03708","lanolin-mineral oil topical"
"d03828","lansoprazole"
"d04913","lansoprazole-naproxen"
"d05395","lanthanum carbonate"
"d06672","lapatinib"
"d04867","laronidase"
"d04017","latanoprost ophthalmic"
"d04488","lavender"
"d03663","lecithin"
"d04349","leflunomide"
"d05696","lenalidomide"
"d04291","lepirudin"
"d04156","letrozole"
"d00275","leucovorin"
"d01353","leuprolide"
"d04427","levalbuterol"
"d00276","levamisole"
"d04499","levetiracetam"
"d04193","levmetamfetamine nasal"
"d04517","levobetaxolol ophthalmic"
"d01187","levobunolol ophthalmic"
"d04449","levobupivacaine"
"d03229","levocabastine ophthalmic"
"d00491","levocarnitine"
"d05851","levocetirizine"
"d00277","levodopa"
"d04109","levofloxacin"
"d04707","levofloxacin ophthalmic"
"d03187","levomethadyl acetate"
"d05369","levonordefrin"
"d05370","levonordefrin-mepivacaine"
"d00557","levonorgestrel"
"d00825","levorphanol"
"d00278","levothyroxine"
"d04424","licorice"
"d00059","lidocaine"
"d00683","lidocaine topical"
"d04243","lidocaine-oxytetracycline"
"d03655","lidocaine-prilocaine topical"
"d05541","lidocaine-tetracaine topical"
"d04392","lidocaine/neomycin/polymyxin B topical"
"d00279","lincomycin"
"d01278","lindane topical"
"d04534","linezolid"
"d00658","liothyronine"
"d00659","liotrix"
"d03080","lipase"
"d06663","lisdexamfetamine"
"d00732","lisinopril"
"d00061","lithium"
"d04391","liver derivative complex"
"d03228","lodoxamide ophthalmic"
"d00104","lomefloxacin"
"d01341","lomustine"
"d01025","loperamide"
"d04157","loperamide-simethicone"
"d04716","lopinavir"
"d04717","lopinavir-ritonavir"
"d00105","loracarbef"
"d03050","loratadine"
"d03818","loratadine-pseudoephedrine"
"d00149","lorazepam"
"d03821","losartan"
"d04292","loteprednol ophthalmic"
"d05425","loteprednol-tobramycin ophthalmic"
"d00280","lovastatin"
"d04787","lovastatin-niacin"
"d00897","loxapine"
"d05736","lubiprostone"
"d05029","lutropin alfa"
"d04128","LVP solution"
"d04130","LVP solution with hypertonic saline"
"d04129","LVP solution with potassium"
"d04379","Lyme disease vaccine"
"d01141","lymphocyte immune globulin, anti-thymocyte"
"d00488","lysine"
"d05657","m-cresyl acetate otic"
"d04525","ma huang"
"d01258","mafenide topical"
"d00984","magaldrate"
"d03484","magaldrate-simethicone"
"d03862","magnesium amino acids chelate"
"d05397","magnesium aspartate"
"d03588","magnesium carbonate"
"d03796","magnesium chloride"
"d01008","magnesium citrate"
"d03798","magnesium gluconate"
"d00982","magnesium hydroxide"
"d03504","magnesium hydroxide-mineral oil"
"d03861","magnesium lactate"
"d03797","magnesium oxide"
"d00846","magnesium salicylate"
"d03454","magnesium salicylate-phenyltoloxamine"
"d00468","magnesium sulfate"
"d03587","magnesium trisilicate"
"d04436","malathion topical"
"d03081","malt soup extract"
"d03612","malt soup extract-psyllium"
"d04324","mangafodipir"
"d04280","manganese chloride"
"d00434","manganese sulfate"
"d00282","mannitol"
"d04252","mannitol-sorbitol"
"d00877","maprotiline"
"d01316","masoprocol topical"
"d00811","mazindol"
"d01159","measles virus vaccine"
"d03006","measles-rubella virus vaccine"
"d03007","measles/mumps/rubella virus vaccine"
"d05645","measles/mumps/rubella/varicella virus vaccine"
"d00154","mebendazole"
"d00739","mecamylamine"
"d05636","mecasermin"
"d05692","mecasermin rinfabate"
"d01339","mechlorethamine"
"d00859","meclizine"
"d01251","meclocycline sulfosalicylate topical"
"d00283","meclofenamate"
"d00284","medroxyPROGESTERone"
"d03694","medrysone ophthalmic"
"d00285","mefenamic acid"
"d00286","mefloquine"
"d01348","megestrol"
"d04058","melatonin"
"d04532","meloxicam"
"d00287","melphalan"
"d04899","memantine"
"d05432","meningococcal conjugate vaccine"
"d01153","meningococcal polysaccharide vaccine"
"d00571","menotropins"
"d03665","menthol topical"
"d03666","menthol-phenol topical"
"d00995","mepenzolate"
"d00017","meperidine"
"d03433","meperidine-promethazine"
"d00701","mephentermine"
"d00941","mephenytoin"
"d00919","mephobarbital"
"d01398","mepivacaine"
"d00288","meprobamate"
"d04518","mequinol topical"
"d04519","mequinol-tretinoin topical"
"d00289","mercaptopurine"
"d04027","meropenem"
"d01031","mesalamine"
"d01411","mesna"
"d00889","mesoridazine"
"d03038","mestranol"
"d03240","mestranol-norethindrone"
"d00750","metaproterenol"
"d00702","metaraminol"
"d00964","metaxalone"
"d03807","metformin"
"d05635","metformin-pioglitazone"
"d04820","metformin-rosiglitazone"
"d06720","metformin-sitagliptin"
"d03667","methacholine"
"d00050","methadone"
"d00805","methamphetamine"
"d00640","methazolamide"
"d00789","methdilazine"
"d00106","methenamine"
"d03513","methenamine-sodium acid phosphate"
"d03512","methenamine-sodium biphosphate"
"d00107","methicillin"
"d00290","methimazole"
"d00489","methionine"
"d00965","methocarbamol"
"d00929","methohexital"
"d00060","methotrexate"
"d00814","methotrimeprazine"
"d00703","methoxamine"
"d01434","methoxsalen"
"d04209","methoxsalen topical"
"d00291","methoxyflurane"
"d00989","methscopolamine"
"d04762","methscopolamine-pseudoephedrine"
"d00292","methsuximide"
"d00643","methyclothiazide"
"d03253","methyclothiazide-reserpine"
"d03668","methyl salicylate topical"
"d03669","methyl salicylate-menthol topical"
"d04248","methylcellulose"
"d00133","methyldopa"
"d01128","methylene blue"
"d00587","methylergonovine"
"d00900","methylphenidate"
"d00293","methylPREDNISolone"
"d00623","methylPREDNISolone topical"
"d03559","methylPREDNISolone-neomycin topical"
"d05702","methylsulfonylmethane"
"d00295","methylTESTOSTERone"
"d00821","methysergide maleate"
"d00297","metipranolol ophthalmic"
"d00298","metoclopramide"
"d00950","metocurine"
"d00299","metolazone"
"d00134","metoprolol"
"d01472","metrizamide"
"d00108","metronidazole"
"d03208","metronidazole topical"
"d00592","metyrapone"
"d00735","metyrosine"
"d00300","mexiletine"
"d00109","mezlocillin"
"d04139","mibefradil"
"d05487","micafungin"
"d00155","miconazole"
"d03195","miconazole topical"
"d05753","miconazole-zinc oxide topical"
"d00301","midazolam"
"d04047","midodrine"
"d04718","mifepristone"
"d04110","miglitol"
"d04889","miglustat"
"d04466","milk thistle"
"d00302","milrinone"
"d01019","mineral oil"
"d03503","mineral oil-phenolphthalein"
"d04024","mineral oil/phenylephrine/shark liver oil"
"d00110","minocycline"
"d04761","minocycline topical"
"d00135","minoxidil"
"d03203","minoxidil topical"
"d04025","mirtazapine"
"d00303","misoprostol"
"d00305","mitomycin"
"d01378","mitotane"
"d00306","mitoxantrone"
"d00951","mivacurium"
"d04520","mixed respiratory vaccine"
"d04378","modafinil"
"d03835","moexipril"
"d00896","molindone"
"d05262","mometasone"
"d04223","mometasone nasal"
"d01300","mometasone topical"
"d01323","monobenzone topical"
"d01006","monoctanoin"
"d04289","montelukast"
"d00307","moricizine"
"d00308","morphine"
"d05295","morphine liposomal"
"d01384","morrhuate sodium"
"d04500","moxifloxacin"
"d04860","moxifloxacin ophthalmic"
"d03140","multivitamin"
"d03143","multivitamin with fluoride"
"d03141","multivitamin with iron"
"d03660","multivitamin with iron and fluoride"
"d03145","multivitamin with minerals"
"d03148","multivitamin, prenatal"
"d01178","mumps skin test antigen"
"d01161","mumps virus vaccine"
"d03005","mumps-rubella virus vaccine"
"d01267","mupirocin topical"
"d03118","muromonab-CD3"
"d03839","mycophenolate mofetil"
"d05217","mycophenolic acid"
"d04587","nabilone"
"d00310","nabumetone"
"d00018","nadolol"
"d00574","nafarelin nasal"
"d00029","nafcillin"
"d01277","naftifine topical"
"d00839","nalbuphine"
"d00157","nalidixic acid"
"d03834","nalmefene"
"d00311","naloxone"
"d03676","naloxone-pentazocine"
"d01406","naltrexone"
"d00568","nandrolone"
"d04147","naphazoline nasal"
"d00771","naphazoline ophthalmic"
"d03520","naphazoline-pheniramine ophthalmic"
"d03678","naphazoline-zinc ophthalmic"
"d03272","naphazoline/phenylephrine/pyrilamine nasal"
"d00019","naproxen"
"d04498","naproxen-pseudoephedrine"
"d04285","naratriptan"
"d05414","natalizumab"
"d01213","natamycin ophthalmic"
"d04743","nateglinide"
"d03112","nedocromil"
"d04503","nedocromil ophthalmic"
"d03808","nefazodone"
"d05655","nelarabine"
"d04118","nelfinavir"
"d00312","neomycin"
"d04133","neomycin ophthalmic"
"d03224","neomycin topical"
"d03526","neomycin-polymyxin B sulfate topical"
"d04431","neomycin/polymyxin B/pramoxine topical"
"d03533","neomycin/polymyxin B/prednisolone ophthalmic"
"d00313","neostigmine"
"d05633","nepafenac ophthalmic"
"d04763","nesiritide"
"d00111","netilmicin"
"d04521","nettles"
"d04029","nevirapine"
"d00314","niacin"
"d03739","niacinamide"
"d00315","niCARdipine"
"d01126","niclosamide"
"d05353","nicotinamide topical"
"d00316","nicotine"
"d00051","NIFEdipine"
"d03831","nilutamide"
"d00318","nimodipine"
"d03825","nisoldipine"
"d04826","nitazoxanide"
"d04789","nitisinone"
"d04508","nitric oxide"
"d00112","nitrofurantoin"
"d01257","nitrofurazone topical"
"d00321","nitroglycerin"
"d00136","nitroprusside"
"d00934","nitrous oxide"
"d00322","nizatidine"
"d01242","nonoxynol 9 topical"
"d04781","norelgestromin"
"d00323","norepinephrine"
"d00555","norethindrone"
"d04340","norethindrone topical"
"d00113","norfloxacin"
"d03223","norfloxacin ophthalmic"
"d03779","norgestimate"
"d03034","norgestrel"
"d00144","nortriptyline"
"d01116","novobiocin"
"d01233","nystatin"
"d04399","nystatin topical"
"d03562","nystatin-triamcinolone topical"
"d01243","octoxynol topical"
"d00370","octreotide"
"d03768","ocular lubricant"
"d00114","ofloxacin"
"d03977","ofloxacin ophthalmic"
"d04265","ofloxacin otic"
"d04050","olanzapine"
"d04801","olmesartan"
"d04117","olopatadine ophthalmic"
"d01032","olsalazine"
"d04881","omalizumab"
"d00497","omega-3 polyunsaturated fatty acids"
"d00325","omeprazole"
"d05770","omeprazole-sodium bicarbonate"
"d00867","ondansetron"
"d03681","ophthalmic irrigation, extraocular"
"d03648","ophthalmic irrigation, intraocular"
"d00824","opium"
"d04254","oprelvekin"
"d04429","orlistat"
"d00966","orphenadrine"
"d04462","oseltamivir"
"d00115","oxacillin"
"d04811","oxaliplatin"
"d01127","oxamniquine"
"d00566","oxandrolone"
"d00853","oxaprozin"
"d00040","oxazepam"
"d04513","oxcarbazepine"
"d03190","oxiconazole topical"
"d00756","oxtriphylline"
"d00328","oxybutynin"
"d01336","oxychlorosene sodium topical"
"d00329","oxycodone"
"d00772","oxymetazoline nasal"
"d03978","oxymetazoline ophthalmic"
"d04295","oxymetholone"
"d00833","oxymorphone"
"d01070","oxytetracycline"
"d03746","oxytetracycline ophthalmic"
"d03528","oxytetracycline-polymyxin B ophthalmic"
"d03510","oxytetracycline/phenazopyridine/sulfamethizol"
"d00584","oxytocin"
"d01376","paclitaxel"
"d05427","paclitaxel protein-bound"
"d05417","palifermin"
"d06297","paliperidone"
"d04323","palivizumab"
"d04888","palonosetron"
"d03585","pamabrom"
"d00601","pamidronate"
"d01003","pancreatin"
"d01002","pancrelipase"
"d00330","pancuronium"
"d05879","panitumumab"
"d04514","pantoprazole"
"d03131","pantothenate"
"d04190","papain topical"
"d04191","papain-urea topical"
"d00695","papaverine"
"d04522","papaya"
"d00331","paraaminobenzoic acid"
"d00911","paraldehyde"
"d00944","paramethadione"
"d04131","parenteral nutrition solution"
"d04132","parenteral nutrition solution w/electrolytes"
"d04312","paricalcitol"
"d01104","paromomycin"
"d03157","paroxetine"
"d03674","pectin"
"d01180","pegademase bovine"
"d05418","pegaptanib ophthalmic"
"d04247","pegaspargase"
"d04790","pegfilgrastim"
"d04821","peginterferon alfa-2a"
"d04746","peginterferon alfa-2b"
"d04854","pegvisomant"
"d05047","pemetrexed"
"d04458","pemirolast ophthalmic"
"d00901","pemoline"
"d00332","penbutolol"
"d04054","penciclovir topical"
"d00333","penicillamine"
"d00116","penicillin"
"d04479","pennyroyal"
"d04909","pentafluoropropane topical"
"d04911","pentafluoropropane-tetrafluoroethane topical"
"d04022","pentagastrin"
"d00030","pentamidine"
"d04389","pentastarch"
"d00334","pentazocine"
"d05429","pentetate calcium trisodium"
"d05430","pentetate zinc trisodium"
"d00335","pentobarbital"
"d04052","pentosan polysulfate sodium"
"d01356","pentostatin"
"d00336","pentoxifylline"
"d04487","peppermint"
"d03085","pepsin"
"d05514","perflexane"
"d04796","perflutren"
"d00977","pergolide"
"d04440","perindopril"
"d01279","permethrin topical"
"d00855","perphenazine"
"d04318","pertussis, acellular"
"d04319","pertussis, whole cell"
"d03641","petrolatum topical"
"d00947","phenacemide"
"d00337","phenazopyridine"
"d03511","phenazopyridine-sulfamethoxazole"
"d04153","phenazopyridine-sulfisoxazole"
"d03880","phencyclidine (Schedule I substance)"
"d00809","phendimetrazine"
"d00883","phenelzine"
"d00793","phenindamine"
"d03086","pheniramine"
"d04384","pheniramine nasal"
"d04146","pheniramine ophthalmic"
"d03271","pheniramine-phenylephrine nasal"
"d04769","pheniramine/phenyltoloxamine/PSE/pyrilamine"
"d03906","pheniramine/phenyltoloxamine/pyrilamine"
"d03308","pheniramine/PPA/phenyltoloxamine/pyrilamine"
"d03318","pheniramine/PPA/pyrilamine"
"d00340","phenobarbital"
"d03664","phenol topical"
"d05769","phenol-zinc oxide topical"
"d01012","phenolphthalein"
"d00734","phenoxybenzamine"
"d00943","phensuximide"
"d00806","phentermine"
"d00733","phentolamine"
"d03087","phenyl salicylate"
"d00341","phenylbutazone"
"d00704","phenylephrine"
"d04186","phenylephrine nasal"
"d04135","phenylephrine ophthalmic"
"d04227","phenylephrine otic"
"d04298","phenylephrine topical"
"d04879","phenylephrine-potassium guaiacolsulfonate"
"d04297","phenylephrine-pramoxine topical"
"d03317","phenylephrine-promethazine"
"d04446","phenylephrine-pyrilamine"
"d03270","phenylephrine-pyrilamine nasal"
"d03522","phenylephrine-scopolamine ophthalmic"
"d03540","phenylephrine-sulfacetamide sodium ophthalmic"
"d03677","phenylephrine-zinc ophthalmic"
"d00767","phenylpropanolamine"
"d03089","phenyltoloxamine"
"d00143","phenytoin"
"d02373","phosphorated carbohydrate solution"
"d01338","physiological irrigating solution"
"d00342","physostigmine"
"d03999","physostigmine ophthalmic"
"d03135","phytonadione"
"d04031","pilocarpine"
"d01191","pilocarpine ophthalmic"
"d04784","pimecrolimus topical"
"d00898","pimozide"
"d00137","pindolol"
"d04442","pioglitazone"
"d00956","pipecuronium"
"d00057","piperacillin"
"d03165","piperacillin-tazobactam"
"d01124","piperazine"
"d04000","piperonyl butoxide topical"
"d04002","piperonyl butoxide-pyrethrins topical"
"d00755","pirbuterol"
"d00343","piroxicam"
"d05332","pitcher plant"
"d01155","plague vaccine"
"d02375","plasma protein fraction"
"d01361","plicamycin"
"d05337","pneumococcal 23-valent vaccine"
"d01157","pneumococcal 23-valent vaccine (obsolete)"
"d04920","pneumococcal 7-valent vaccine"
"d01309","podofilox topical"
"d01308","podophyllum resin topical"
"d01163","poliovirus vaccine, inactivated"
"d01162","poliovirus vaccine, live, trivalent"
"d01017","polycarbophil"
"d05350","polyethylene glycol 3350"
"d01023","polyethylene glycol 3350 with electrolytes"
"d04134","polymyxin B ophthalmic"
"d00344","polymyxin B sulfate"
"d03745","polymyxin B topical"
"d03529","polymyxin B-trimethoprim ophthalmic"
"d00647","polythiazide"
"d03268","polythiazide-prazosin"
"d03248","polythiazide-reserpine"
"d04496","poractant"
"d03872","porfimer"
"d05853","posaconazole"
"d03777","potassium acetate"
"d03959","potassium acetate/K bicarbonate/K citrate"
"d01424","potassium acid phosphate"
"d04184","potassium aminobenzoate"
"d03600","potassium bicarbonate"
"d03960","potassium bicarbonate-potassium chloride"
"d03962","potassium bicarbonate-potassium citrate"
"d04185","potassium bicarbonate-sodium bicarbonate"
"d05810","potassium bitartrate"
"d05809","potassium bitartrate-sodium bicarbonate"
"d00345","potassium chloride"
"d04241","potassium chloride-sodium chloride"
"d01423","potassium citrate"
"d04154","potassium citrate-sodium citrate"
"d03789","potassium gluconate"
"d03578","potassium guaiacolsulfonate"
"d00800","potassium iodide"
"d03277","potassium iodide-theophylline"
"d02381","potassium perchlorate"
"d03790","potassium phosphate"
"d00427","potassium phosphate-sodium phosphate"
"d04205","povidone iodine ophthalmic"
"d00346","povidone iodine topical"
"d05463","povidone ophthalmic"
"d05459","povidone-tetrahydrozoline ophthalmic"
"d01409","pralidoxime"
"d04145","pramipexole"
"d05488","pramlintide"
"d04337","pramoxine otic"
"d01303","pramoxine topical"
"d03695","pramoxine-zinc oxide topical"
"d00348","pravastatin"
"d00349","praziquantel"
"d00138","prazosin"
"d03225","prednicarbate topical"
"d00084","prednisoLONE"
"d03221","prednisoLONE ophthalmic"
"d03541","prednisoLONE-sulfacetamide sodium ophthalmic"
"d00350","predniSONE"
"d05508","pregabalin"
"d01396","prilocaine"
"d04148","prilocaine topical"
"d00351","primaquine"
"d00352","primidone"
"d00031","probenecid"
"d00353","probucol"
"d00075","procainamide"
"d01394","procaine"
"d00354","procarbazine"
"d00355","prochlorperazine"
"d00969","procyclidine"
"d04923","proflavine hemisulfate topical"
"d00550","progesterone"
"d04213","progesterone topical"
"d04593","proguanil"
"d00356","promazine"
"d00787","promethazine"
"d00358","propafenone"
"d00359","propantheline"
"d01218","proparacaine ophthalmic"
"d00914","propiomazine"
"d00933","propofol"
"d00360","propoxyphene"
"d00032","propranolol"
"d04194","propylhexedrine nasal"
"d04326","propyliodone"
"d00361","propylthiouracil"
"d00362","protamine"
"d03092","protease"
"d05827","protein C"
"d03679","protirelin"
"d00875","protriptyline"
"d06664","Prussian blue"
"d00769","pseudoephedrine"
"d03305","pseudoephedrine-terfenadine"
"d03316","pseudoephedrine-triprolidine"
"d01018","psyllium"
"d03613","psyllium-senna"
"d04699","pycnogenol"
"d01123","pyrantel"
"d00117","pyrazinamide"
"d04001","pyrethrins topical"
"d00363","pyridostigmine"
"d00412","pyridoxine"
"d00782","pyrilamine"
"d04383","pyrilamine nasal"
"d00364","pyrimethamine"
"d03743","pyrimethamine-sulfadoxine"
"d01263","pyrithione zinc topical"
"d04353","pyrithione zinc-salicylic acid topical"
"d00917","quazepam"
"d04220","quetiapine"
"d00158","quinacrine"
"d00365","quinapril"
"d00545","quinestrol"
"d00020","quinidine"
"d00366","quinine"
"d04455","quinupristin"
"d04448","rabeprazole"
"d01148","rabies immune globulin, human"
"d01147","rabies vaccine (obsolete)"
"d05785","rabies vaccine, human diploid cell"
"d05786","rabies vaccine, purified chick embryo cell"
"d04261","raloxifene"
"d05578","ramelteon"
"d00728","ramipril"
"d05835","ranibizumab ophthalmic"
"d00021","ranitidine"
"d04042","ranitidine bismuth citrate"
"d05719","ranolazine"
"d04450","rapacuronium"
"d05612","rasagiline"
"d04805","rasburicase"
"d04526","raspberry"
"d03151","rauwolfia serpentina"
"d04426","red yeast rice"
"d04034","remifentanil"
"d04267","repaglinide"
"d00367","reserpine"
"d03254","reserpine-trichlormethiazide"
"d04044","resorcinol topical"
"d04045","resorcinol-sulfur topical"
"d03881","respiratory syncytial virus immune globulin"
"d06831","retapamulin topical"
"d04067","reteplase"
"d01139","RHo (D) immune globulin"
"d00085","ribavirin"
"d00409","riboflavin"
"d01097","rifabutin"
"d00047","rifampin"
"d04327","rifapentine"
"d05294","rifaximin"
"d03869","riluzole"
"d03158","rimantadine"
"d03814","rimexolone ophthalmic"
"d04300","risedronate"
"d03180","risperidone"
"d00603","ritodrine"
"d03984","ritonavir"
"d04255","rituximab"
"d04537","rivastigmine"
"d04328","rizatriptan"
"d03766","rocuronium"
"d04433","rofecoxib"
"d04215","ropinirole"
"d04051","ropivacaine"
"d01221","rose bengal ophthalmic"
"d04486","rose hips"
"d04434","rosiglitazone"
"d04851","rosuvastatin"
"d04344","rotavirus vaccine"
"d05848","rotigotine"
"d04481","royal jelly"
"d01160","rubella virus vaccine"
"d04524","s-adenosylmethionine"
"d05646","saccharomyces boulardii lyo"
"d04305","sacrosidase"
"d03094","salicylamide"
"d01307","salicylic acid topical"
"d04873","salicylic acid-sodium thiosulfate topical"
"d03705","salicylic acid-sulfur topical"
"d04900","salicylic acid-urea topical"
"d03226","saliva substitutes"
"d03759","salmeterol"
"d00842","salsalate"
"d04531","samarium sm 153 lexidronam"
"d03860","saquinavir"
"d00513","sargramostim"
"d04415","saw palmetto"
"d00986","scopolamine"
"d03979","scopolamine ophthalmic"
"d04018","scopolamine topical"
"d04485","scullcap"
"d00368","secobarbital"
"d04161","secretin"
"d00976","selegiline"
"d00484","selenium"
"d03210","selenium sulfide topical"
"d01013","senna"
"d04259","sermorelin"
"d04915","sertaconazole topical"
"d00880","sertraline"
"d04363","sevelamer"
"d03845","sevoflurane"
"d04484","shark cartilage"
"d04260","sibutramine"
"d04299","sildenafil"
"d01212","silver nitrate ophthalmic"
"d04208","silver nitrate topical"
"d01211","silver protein mild topical"
"d01259","silver sulfADIAZINE topical"
"d01027","simethicone"
"d04366","simethicone coated cellulose"
"d00746","simvastatin"
"d03895","sincalide"
"d04453","sirolimus"
"d05896","sitagliptin"
"d01179","skin test antigens, multiple"
"d04477","slippery elm"
"d04831","smallpox vaccine"
"d00471","sodium acetate"
"d03095","sodium acid phosphate"
"d03096","sodium benzoate"
"d05461","sodium benzoate-sodium phenylacetate"
"d00440","sodium bicarbonate"
"d03601","sodium bicarbonate-sodium citrate"
"d01009","sodium biphosphate"
"d04160","sodium biphosphate-sodium phosphate"
"d03097","sodium borate topical"
"d00438","sodium chloride"
"d04242","sodium chloride nasal"
"d03898","sodium chloride, hypertonic, ophthalmic"
"d05816","sodium chondroitin sulfate ophthalmic"
"d03902","sodium chondroitin-hyaluronate ophthalmic"
"d05731","sodium chromate Cr-51"
"d03098","sodium citrate"
"d04387","sodium ferric gluconate complex"
"d04329","sodium hyaluronate"
"d01222","sodium hyaluronate ophthalmic"
"d05651","sodium hyaluronate topical"
"d01335","sodium hypochlorite topical"
"d03721","sodium iodide"
"d05733","sodium iodide I-123"
"d00661","sodium iodide-I-131"
"d00469","sodium lactate"
"d04086","sodium nitrite"
"d04806","sodium oxybate"
"d05460","sodium phenylacetate"
"d04070","sodium phenylbutyrate"
"d00475","sodium phosphate"
"d04529","sodium phosphate p32"
"d00743","sodium polystyrene sulfonate"
"d03100","sodium propionate"
"d00843","sodium salicylate"
"d01383","sodium tetradecyl sulfate"
"d00844","sodium thiosalicylate"
"d01404","sodium thiosulfate"
"d04874","sodium thiosulfate topical"
"d05413","solifenacin"
"d00576","somatrem"
"d00577","somatropin"
"d05691","sorafenib"
"d04159","sorbitol"
"d00371","sotalol"
"d04108","sparfloxacin"
"d00372","spectinomycin"
"d00373","spironolactone"
"d04408","St. John's wort"
"d00565","stanozolol"
"d01152","staphage lysate (SPL)"
"d04296","starch topical"
"d03773","stavudine"
"d04822","sterile talc"
"d03998","sterile water"
"d00374","streptokinase"
"d00159","streptomycin"
"d00375","streptozocin"
"d06652","strontium gluconate"
"d04530","strontium-89 chloride"
"d01417","succimer"
"d00376","succinylcholine"
"d00377","sucralfate"
"d00378","sufentanil"
"d04403","sulbactam"
"d01275","sulconazole topical"
"d01208","sulfacetamide sodium ophthalmic"
"d01265","sulfacetamide sodium topical"
"d04032","sulfacetamide sodium-sulfur topical"
"d04912","sulfacetamide sodium-urea topical"
"d00118","sulfADIAZINE"
"d03742","sulfadoxine"
"d01090","sulfamethizole"
"d00119","sulfamethoxazole"
"d00124","sulfamethoxazole-trimethoprim"
"d01240","sulfanilamide topical"
"d00379","sulfasalazine"
"d00380","sulfinpyrazone"
"d00120","sulfiSOXAZOLE"
"d03980","sulfiSOXAZOLE ophthalmic"
"d03702","sulfur topical"
"d00033","sulindac"
"d03160","sumatriptan"
"d04187","sumatriptan nasal"
"d05717","sunitinib"
"d01204","suprofen ophthalmic"
"d01314","sutilains topical"
"d03176","tacrine"
"d03752","tacrolimus"
"d04740","tacrolimus topical"
"d04896","tadalafil"
"d00381","tamoxifen"
"d04121","tamsulosin"
"d04368","tannic acid topical"
"d04138","tazarotene topical"
"d04404","tazobactam"
"d04475","tea tree topical"
"d04798","tegaserod"
"d05912","telbivudine"
"d04933","telithromycin"
"d04364","telmisartan"
"d00384","temazepam"
"d04451","temozolomide"
"d06836","temsirolimus"
"d04694","tenecteplase"
"d01362","teniposide"
"d04774","tenofovir"
"d00386","terazosin"
"d04012","terbinafine"
"d03191","terbinafine topical"
"d00752","terbutaline"
"d01238","terconazole topical"
"d00387","terfenadine"
"d04828","teriparatide"
"d01347","testolactone"
"d00558","testosterone"
"d04273","testosterone topical"
"d01137","tetanus immune globulin"
"d01168","tetanus toxoid"
"d04921","tetanus-diphtheria toxoids"
"d01217","tetracaine"
"d03981","tetracaine ophthalmic"
"d03982","tetracaine topical"
"d00041","tetracycline"
"d03738","tetracycline topical"
"d04910","tetrafluoroethane topical"
"d04206","tetrahydrozoline nasal"
"d00773","tetrahydrozoline ophthalmic"
"d04897","tetrahydrozoline-zinc ophthalmic"
"d04331","thalidomide"
"d00142","theophylline"
"d00160","thiabendazole"
"d03130","thiamine"
"d00857","thiethylperazine"
"d01330","thimerosal topical"
"d01345","thioguanine"
"d00388","thiopental"
"d00389","thioridazine"
"d00390","thiotepa"
"d00391","thiothixene"
"d04310","thonzonium bromide otic"
"d00490","threonine"
"d03684","thrombin topical"
"d00655","thyroid desiccated"
"d04377","thyrotropin alpha"
"d04221","tiagabine"
"d00121","ticarcillin"
"d00122","ticarcillin-clavulanate"
"d00514","ticlopidine"
"d05537","tigecycline"
"d04124","tiludronate"
"d00139","timolol"
"d04037","timolol ophthalmic"
"d04935","tinidazole"
"d04659","tinzaparin"
"d01235","tioconazole topical"
"d01418","tiopronin"
"d04829","tiotropium"
"d05538","tipranavir"
"d04315","tirofiban"
"d04102","tizanidine"
"d00069","tobramycin"
"d03222","tobramycin ophthalmic"
"d00392","tocainide"
"d00393","TOLAZamide"
"d00741","tolazoline"
"d00394","TOLBUTamide"
"d04282","tolcapone"
"d00054","tolmetin"
"d01274","tolnaftate topical"
"d04294","tolterodine"
"d04115","topiramate"
"d04014","topotecan"
"d04137","toremifene"
"d03189","torsemide"
"d04885","tositumomab"
"d03718","trace elements"
"d03719","trace elements with selenium"
"d03720","trace elements with selenium and iodide"
"d03826","tramadol"
"d04008","trandolapril"
"d04065","trandolapril-verapamil"
"d00529","tranexamic acid"
"d00884","tranylcypromine"
"d04357","trastuzumab"
"d04753","travoprost ophthalmic"
"d00395","trazodone"
"d04802","treprostinil"
"d03863","tretinoin"
"d01244","tretinoin topical"
"d01273","triacetin topical"
"d00620","triamcinolone"
"d04233","triamcinolone nasal"
"d03206","triamcinolone topical"
"d00396","triamterene"
"d00397","triazolam"
"d00646","trichlormethiazide"
"d01313","trichloroacetic acid topical"
"d04308","trichloromonofluoromethane topical"
"d05528","trichophyton skin test"
"d01331","triclosan topical"
"d01416","trientine"
"d03735","triethanolamine polypeptide oleate otic"
"d00890","trifluoperazine"
"d03152","triflupromazine"
"d01215","trifluridine ophthalmic"
"d00970","trihexyphenidyl"
"d00788","trimeprazine"
"d00945","trimethadione"
"d00738","trimethaphan camsylate"
"d00862","trimethobenzamide"
"d00123","trimethoprim"
"d03747","trimethoprim ophthalmic"
"d03169","trimetrexate"
"d00873","trimipramine"
"d01436","trioxsalen"
"d00781","tripelennamine"
"d04189","tripelennamine topical"
"d04924","triple dye topical"
"d03231","triple sulfa topical"
"d00786","triprolidine"
"d04696","triptorelin"
"d04122","troglitazone"
"d03884","trolamine salicylate topical"
"d01076","troleandomycin"
"d00472","tromethamine"
"d01200","tropicamide ophthalmic"
"d04929","trospium"
"d04263","trovafloxacin"
"d05534","trypan blue ophthalmic"
"d03903","trypsin topical"
"d04732","tryptophan"
"d01171","tuberculin purified protein derivative"
"d00949","tubocurarine"
"d06370","turmeric"
"d03230","tyloxapol ophthalmic"
"d01156","typhoid vaccine, inactivated"
"d04406","typhoid vaccine, live"
"d01441","tyropanoate"
"d04523","ubiquinone"
"d03686","undecylenic acid topical"
"d04709","unoprostone ophthalmic"
"d01340","uracil mustard"
"d04207","urea"
"d00651","urea topical"
"d00570","urofollitropin"
"d00523","urokinase"
"d01005","ursodiol"
"d05490","vaccinia immune globulin"
"d03838","valacyclovir"
"d04778","valdecoxib"
"d04416","valerian"
"d04755","valganciclovir"
"d00083","valproic acid"
"d04356","valrubicin"
"d04113","valsartan"
"d00125","vancomycin"
"d04893","vardenafil"
"d05807","varenicline"
"d03832","varicella virus vaccine"
"d01138","varicella zoster immune globulin"
"d00398","vasopressin"
"d00399","vecuronium"
"d03181","venlafaxine"
"d00048","verapamil"
"d04533","verteporfin"
"d00126","vidarabine ophthalmic"
"d00400","vinBLAStine"
"d00401","vinCRIStine"
"d03810","vinorelbine"
"d00402","vitamin A"
"d03136","vitamin A & D topical"
"d04231","vitamin A ophthalmic"
"d00405","vitamin E"
"d03233","vitamin E topical"
"d03232","vitamins A, D, and E topical"
"d05873","von Willebrand factor"
"d04803","voriconazole"
"d05891","vorinostat"
"d00022","warfarin"
"d06392","wheat dextrin"
"d04478","wild yam"
"d03762","witch hazel topical"
"d00774","xylometazoline nasal"
"d01165","yellow fever vaccine"
"d01210","yellow mercuric oxide ophthalmic"
"d01386","yohimbine"
"d04053","zafirlukast"
"d00127","zalcitabine"
"d04452","zaleplon"
"d04443","zanamivir"
"d05424","ziconotide"
"d00034","zidovudine"
"d04103","zileuton"
"d04123","zinc acetate"
"d05215","zinc acetate topical"
"d04055","zinc chloride"
"d04056","zinc gluconate"
"d03192","zinc oxide topical"
"d04057","zinc sulfate"
"d01223","zinc sulfate ophthalmic"
"d04747","ziprasidone"
"d04708","zoledronic acid"
"d04253","zolmitriptan"
"d00910","zolpidem"
"d04527","zonisamide"
"d05813","zoster vaccine live"
