drug_id,pregnancy_category
"d00001","C"
"d00002","D"
"d00003","B"
"d00004","D"
"d00005","C"
"d00006","D"
"d00007","B"
"d00008","B"
"d00009","B"
"d00010","B"
"d00011","C"
"d00012","C"
"d00013","D"
"d00014","N"
"d00015","B"
"d00016","C"
"d00017","N"
"d00018","C"
"d00019","B"
"d00020","C"
"d00021","B"
"d00022","X"
"d00023","C"
"d00024","D"
"d00025","N"
"d00026","N"
"d00027","N"
"d00028","B"
"d00029","N"
"d00030","C"
"d00031","N"
"d00032","C"
"d00033","N"
"d00034","C"
"d00035","N"
"d00036","D"
"d00037","D"
"d00038","C"
"d00039","N"
"d00040","N"
"d00041","D"
"d00042","C"
"d00043","N"
"d00044","C"
"d00045","C"
"d00046","B"
"d00047","C"
"d00048","C"
"d00049","N"
"d00050","N"
"d00051","C"
"d00052","B"
"d00053","B"
"d00054","C"
"d00055","B"
"d00056","B"
"d00057","B"
"d00058","C"
"d00059","B"
"d00060","X"
"d00061","D"
"d00062","B"
"d00063","B"
"d00064","N"
"d00065","C"
"d00066","C"
"d00067","B"
"d00068","N"
"d00069","D"
"d00070","C"
"d00071","C"
"d00072","B"
"d00073","B"
"d00074","B"
"d00075","C"
"d00077","B"
"d00078","B"
"d00079","C"
"d00080","B"
"d00081","B"
"d00082","C"
"d00083","D"
"d00084","C"
"d00085","X"
"d00086","C"
"d00087","D"
"d00088","B"
"d00089","B"
"d00090","B"
"d00091","B"
"d00092","B"
"d00093","B"
"d00094","B"
"d00095","B"
"d00096","B"
"d00097","C"
"d00098","C"
"d00099","C"
"d00100","C"
"d00101","N"
"d00102","C"
"d00103","C"
"d00104","C"
"d00105","B"
"d00106","C"
"d00107","B"
"d00108","B"
"d00109","B"
"d00110","D"
"d00111","D"
"d00112","B"
"d00113","C"
"d00114","C"
"d00115","B"
"d00116","B"
"d00117","C"
"d00118","C"
"d00119","C"
"d00120","C"
"d00121","N"
"d00122","B"
"d00123","C"
"d00124","C"
"d00125","C"
"d00126","C"
"d00127","C"
"d00128","B"
"d00129","C"
"d00130","C"
"d00131","C"
"d00132","C"
"d00133","B"
"d00134","C"
"d00135","C"
"d00136","C"
"d00137","B"
"d00138","C"
"d00139","C"
"d00140","B"
"d00141","B"
"d00142","C"
"d00143","N"
"d00144","N"
"d00145","N"
"d00146","N"
"d00147","C"
"d00148","N"
"d00149","D"
"d00150","D"
"d00151","B"
"d00152","B"
"d00153","B"
"d00154","C"
"d00155","C"
"d00157","N"
"d00158","N"
"d00159","D"
"d00160","C"
"d00161","C"
"d00162","C"
"d00164","C"
"d00167","C"
"d00168","D"
"d00169","B"
"d00170","N"
"d00171","D"
"d00172","C"
"d00173","C"
"d00174","C"
"d00175","N"
"d00176","C"
"d00177","N"
"d00178","B"
"d00179","C"
"d00180","C"
"d00181","C"
"d00182","B"
"d00183","D"
"d00184","C"
"d00185","D"
"d00186","B"
"d00187","B"
"d00188","D"
"d00189","N"
"d00190","C"
"d00191","B"
"d00192","B"
"d00193","N"
"d00195","D"
"d00196","C"
"d00197","B"
"d00198","N"
"d00199","B"
"d00200","B"
"d00201","D"
"d00202","C"
"d00203","C"
"d00204","X"
"d00205","D"
"d00206","C"
"d00207","N"
"d00208","C"
"d00209","C"
"d00210","C"
"d00211","X"
"d00212","B"
"d00213","B"
"d00214","C"
"d00215","B"
"d00216","C"
"d00217","N"
"d00218","D"
"d00219","C"
"d00220","N"
"d00222","X"
"d00223","C"
"d00224","C"
"d00226","C"
"d00227","N"
"d00229","X"
"d00230","D"
"d00231","C"
"d00233","C"
"d00234","C"
"d00235","D"
"d00236","B"
"d00237","C"
"d00238","N"
"d00239","B"
"d00240","D"
"d00241","N"
"d00242","D"
"d00243","N"
"d00245","C"
"d00246","C"
"d00248","B"
"d00250","C"
"d00251","C"
"d00252","C"
"d00253","B"
"d00254","C"
"d00255","C"
"d00256","D"
"d00257","D"
"d00259","N"
"d00260","B"
"d00262","B"
"d00265","B"
"d00267","C"
"d00268","C"
"d00269","B"
"d00270","C"
"d00271","D"
"d00272","N"
"d00273","C"
"d00275","C"
"d00276","C"
"d00277","N"
"d00278","A"
"d00279","N"
"d00280","X"
"d00282","C"
"d00283","N"
"d00284","X"
"d00285","C"
"d00286","C"
"d00287","D"
"d00288","N"
"d00289","D"
"d00290","D"
"d00291","C"
"d00292","N"
"d00293","N"
"d00295","X"
"d00297","C"
"d00298","B"
"d00299","B"
"d00300","C"
"d00301","D"
"d00302","C"
"d00303","X"
"d00305","N"
"d00306","D"
"d00307","B"
"d00308","C"
"d00310","C"
"d00311","B"
"d00312","D"
"d00313","C"
"d00314","C"
"d00315","C"
"d00316","D"
"d00318","C"
"d00321","C"
"d00322","B"
"d00323","C"
"d00325","C"
"d00328","B"
"d00329","N"
"d00330","C"
"d00331","N"
"d00332","C"
"d00333","N"
"d00334","C"
"d00335","D"
"d00336","C"
"d00337","B"
"d00340","D"
"d00341","N"
"d00342","C"
"d00343","N"
"d00344","N"
"d00345","C"
"d00346","C"
"d00348","X"
"d00349","B"
"d00350","N"
"d00351","N"
"d00352","N"
"d00353","B"
"d00354","D"
"d00355","N"
"d00356","N"
"d00358","C"
"d00359","C"
"d00360","N"
"d00361","D"
"d00362","C"
"d00363","C"
"d00364","C"
"d00365","D"
"d00366","X"
"d00367","C"
"d00368","D"
"d00370","B"
"d00371","B"
"d00372","N"
"d00373","N"
"d00374","C"
"d00375","C"
"d00376","C"
"d00377","B"
"d00378","C"
"d00379","B"
"d00380","N"
"d00381","D"
"d00384","X"
"d00386","C"
"d00387","C"
"d00388","C"
"d00389","N"
"d00390","N"
"d00391","N"
"d00392","C"
"d00393","C"
"d00394","C"
"d00395","C"
"d00396","B"
"d00397","X"
"d00398","C"
"d00399","C"
"d00400","D"
"d00401","D"
"d00402","X"
"d00405","C"
"d00409","C"
"d00412","A"
"d00413","C"
"d00417","N"
"d00425","N"
"d00426","N"
"d00427","C"
"d00428","N"
"d00434","C"
"d00438","C"
"d00439","N"
"d00440","C"
"d00468","A"
"d00469","C"
"d00471","C"
"d00472","C"
"d00475","C"
"d00476","C"
"d00481","N"
"d00484","C"
"d00485","D"
"d00487","N"
"d00488","C"
"d00489","C"
"d00490","N"
"d00491","B"
"d00492","C"
"d00496","C"
"d00497","C"
"d00512","C"
"d00513","C"
"d00514","B"
"d00519","X"
"d00521","C"
"d00522","C"
"d00523","B"
"d00524","B"
"d00525","C"
"d00526","C"
"d00527","C"
"d00528","C"
"d00529","B"
"d00534","X"
"d00537","X"
"d00541","X"
"d00542","X"
"d00543","X"
"d00545","X"
"d00546","X"
"d00547","X"
"d00550","D"
"d00554","D"
"d00555","X"
"d00557","X"
"d00558","X"
"d00562","X"
"d00563","X"
"d00565","X"
"d00566","X"
"d00568","X"
"d00569","X"
"d00570","X"
"d00571","X"
"d00572","X"
"d00573","B"
"d00574","X"
"d00575","X"
"d00576","C"
"d00577","B"
"d00578","B"
"d00583","B"
"d00584","X"
"d00586","N"
"d00587","C"
"d00588","C"
"d00589","C"
"d00591","D"
"d00592","N"
"d00593","B"
"d00595","C"
"d00596","C"
"d00598","C"
"d00599","C"
"d00601","C"
"d00602","C"
"d00603","B"
"d00604","C"
"d00607","C"
"d00608","C"
"d00609","N"
"d00620","C"
"d00623","C"
"d00626","C"
"d00628","N"
"d00639","C"
"d00640","C"
"d00641","C"
"d00643","B"
"d00644","C"
"d00645","C"
"d00646","B"
"d00647","D"
"d00649","B"
"d00651","C"
"d00652","C"
"d00653","C"
"d00655","A"
"d00658","A"
"d00659","A"
"d00661","X"
"d00666","C"
"d00683","B"
"d00688","C"
"d00689","C"
"d00692","N"
"d00693","C"
"d00695","N"
"d00696","C"
"d00697","C"
"d00699","C"
"d00700","C"
"d00701","C"
"d00702","C"
"d00703","C"
"d00704","C"
"d00708","C"
"d00709","C"
"d00717","B"
"d00725","B"
"d00726","C"
"d00728","D"
"d00730","D"
"d00732","D"
"d00733","C"
"d00734","C"
"d00735","C"
"d00738","D"
"d00739","C"
"d00741","C"
"d00742","C"
"d00743","C"
"d00744","N"
"d00746","X"
"d00747","B"
"d00749","C"
"d00750","C"
"d00751","C"
"d00752","B"
"d00754","C"
"d00755","C"
"d00756","C"
"d00758","C"
"d00759","C"
"d00760","C"
"d00761","C"
"d00762","B"
"d00765","B"
"d00767","C"
"d00769","N"
"d00771","C"
"d00772","C"
"d00773","C"
"d00774","C"
"d00775","C"
"d00776","N"
"d00777","N"
"d00780","B"
"d00781","N"
"d00782","C"
"d00784","B"
"d00785","C"
"d00786","C"
"d00787","C"
"d00788","N"
"d00789","B"
"d00790","B"
"d00791","B"
"d00793","N"
"d00794","C"
"d00796","C"
"d00797","C"
"d00799","X"
"d00800","D"
"d00801","N"
"d00802","B"
"d00803","C"
"d00804","C"
"d00805","C"
"d00806","N"
"d00807","X"
"d00809","C"
"d00810","B"
"d00811","N"
"d00812","C"
"d00813","C"
"d00814","N"
"d00817","N"
"d00818","C"
"d00820","C"
"d00821","X"
"d00824","C"
"d00825","C"
"d00833","N"
"d00837","C"
"d00838","C"
"d00839","N"
"d00840","C"
"d00842","C"
"d00843","D"
"d00844","N"
"d00846","C"
"d00848","B"
"d00851","C"
"d00853","C"
"d00855","N"
"d00857","N"
"d00858","B"
"d00859","B"
"d00861","B"
"d00862","N"
"d00866","C"
"d00867","B"
"d00873","C"
"d00874","C"
"d00875","N"
"d00876","C"
"d00877","B"
"d00880","C"
"d00882","C"
"d00883","C"
"d00884","N"
"d00889","N"
"d00890","N"
"d00896","N"
"d00897","N"
"d00898","C"
"d00900","N"
"d00901","B"
"d00902","N"
"d00904","D"
"d00907","N"
"d00909","N"
"d00910","C"
"d00911","C"
"d00912","N"
"d00914","N"
"d00915","X"
"d00917","X"
"d00919","D"
"d00923","D"
"d00929","B"
"d00931","C"
"d00933","B"
"d00934","N"
"d00937","B"
"d00941","N"
"d00942","C"
"d00943","N"
"d00944","D"
"d00945","N"
"d00947","D"
"d00949","C"
"d00950","C"
"d00951","C"
"d00956","C"
"d00957","C"
"d00960","N"
"d00961","N"
"d00962","N"
"d00963","B"
"d00964","N"
"d00965","C"
"d00966","C"
"d00967","C"
"d00968","C"
"d00969","N"
"d00970","N"
"d00972","C"
"d00976","C"
"d00977","B"
"d00978","N"
"d00980","N"
"d00981","N"
"d00982","C"
"d00984","C"
"d00985","C"
"d00986","C"
"d00988","C"
"d00989","C"
"d00991","C"
"d00992","B"
"d00995","N"
"d00999","B"
"d01001","C"
"d01002","C"
"d01003","C"
"d01005","B"
"d01006","C"
"d01008","C"
"d01009","C"
"d01010","C"
"d01012","C"
"d01013","C"
"d01014","X"
"d01015","C"
"d01016","N"
"d01017","N"
"d01018","D"
"d01019","N"
"d01021","C"
"d01023","C"
"d01024","B"
"d01025","B"
"d01026","N"
"d01027","C"
"d01028","C"
"d01030","N"
"d01031","B"
"d01032","C"
"d01068","N"
"d01070","D"
"d01076","C"
"d01090","C"
"d01097","B"
"d01099","N"
"d01100","N"
"d01101","C"
"d01103","C"
"d01104","N"
"d01105","C"
"d01112","C"
"d01113","N"
"d01115","C"
"d01116","C"
"d01120","C"
"d01121","C"
"d01123","C"
"d01124","B"
"d01126","B"
"d01127","C"
"d01128","N"
"d01129","B"
"d01133","C"
"d01134","C"
"d01135","C"
"d01136","C"
"d01137","C"
"d01138","C"
"d01139","C"
"d01141","C"
"d01142","N"
"d01144","C"
"d01146","N"
"d01147","C"
"d01148","C"
"d01150","C"
"d01152","B"
"d01153","C"
"d01154","C"
"d01155","C"
"d01156","C"
"d01157","C"
"d01158","C"
"d01159","C"
"d01160","C"
"d01161","C"
"d01162","C"
"d01163","C"
"d01164","C"
"d01165","C"
"d01166","C"
"d01168","C"
"d01171","C"
"d01175","C"
"d01176","C"
"d01178","C"
"d01179","C"
"d01180","C"
"d01181","C"
"d01184","B"
"d01185","C"
"d01187","C"
"d01188","N"
"d01189","C"
"d01191","C"
"d01194","X"
"d01195","C"
"d01197","X"
"d01198","B"
"d01199","C"
"d01200","C"
"d01201","C"
"d01202","N"
"d01204","C"
"d01208","C"
"d01210","N"
"d01211","C"
"d01212","C"
"d01213","C"
"d01214","C"
"d01215","C"
"d01217","C"
"d01218","C"
"d01219","N"
"d01221","N"
"d01222","N"
"d01223","N"
"d01225","N"
"d01226","N"
"d01227","C"
"d01231","B"
"d01232","N"
"d01233","C"
"d01234","C"
"d01235","C"
"d01236","B"
"d01238","C"
"d01239","N"
"d01240","C"
"d01241","B"
"d01242","N"
"d01243","N"
"d01244","C"
"d01245","X"
"d01246","C"
"d01251","B"
"d01254","C"
"d01255","N"
"d01256","X"
"d01257","C"
"d01258","C"
"d01259","B"
"d01263","N"
"d01265","C"
"d01266","C"
"d01267","B"
"d01270","C"
"d01271","C"
"d01272","B"
"d01273","N"
"d01274","C"
"d01275","C"
"d01276","B"
"d01277","B"
"d01278","B"
"d01279","B"
"d01280","C"
"d01282","C"
"d01283","C"
"d01288","C"
"d01289","C"
"d01290","C"
"d01291","C"
"d01292","C"
"d01293","C"
"d01294","C"
"d01295","C"
"d01296","C"
"d01297","C"
"d01298","C"
"d01300","C"
"d01301","C"
"d01302","N"
"d01303","C"
"d01305","C"
"d01306","C"
"d01307","C"
"d01308","X"
"d01309","C"
"d01312","N"
"d01313","N"
"d01314","B"
"d01315","N"
"d01316","B"
"d01317","N"
"d01319","C"
"d01320","N"
"d01321","C"
"d01322","C"
"d01323","C"
"d01325","N"
"d01327","N"
"d01328","N"
"d01330","N"
"d01331","N"
"d01332","C"
"d01333","N"
"d01335","C"
"d01336","N"
"d01338","N"
"d01339","D"
"d01340","N"
"d01341","D"
"d01342","D"
"d01344","D"
"d01345","D"
"d01346","D"
"d01347","C"
"d01348","X"
"d01351","X"
"d01353","X"
"d01354","X"
"d01356","D"
"d01361","X"
"d01362","D"
"d01368","C"
"d01369","C"
"d01370","C"
"d01372","D"
"d01373","D"
"d01375","C"
"d01376","D"
"d01378","C"
"d01379","C"
"d01382","C"
"d01383","C"
"d01384","N"
"d01385","C"
"d01386","N"
"d01387","N"
"d01388","C"
"d01389","C"
"d01393","C"
"d01394","C"
"d01395","C"
"d01396","B"
"d01398","C"
"d01400","B"
"d01401","N"
"d01402","C"
"d01403","B"
"d01404","C"
"d01406","C"
"d01407","C"
"d01409","C"
"d01410","C"
"d01411","B"
"d01413","C"
"d01416","C"
"d01417","C"
"d01418","C"
"d01420","N"
"d01422","N"
"d01423","C"
"d01424","C"
"d01425","B"
"d01427","C"
"d01431","C"
"d01432","C"
"d01433","X"
"d01434","C"
"d01436","N"
"d01438","C"
"d01439","N"
"d01441","C"
"d01445","N"
"d01451","C"
"d01452","B"
"d01454","B"
"d01456","B"
"d01461","B"
"d01469","B"
"d01472","B"
"d01473","C"
"d01475","B"
"d01476","C"
"d01482","C"
"d02373","N"
"d02374","B"
"d02375","C"
"d02376","C"
"d02377","B"
"d02378","C"
"d02381","N"
"d03001","D"
"d03003","C"
"d03004","C"
"d03005","C"
"d03006","C"
"d03007","C"
"d03008","C"
"d03034","X"
"d03038","X"
"d03041","B"
"d03050","B"
"d03051","C"
"d03052","C"
"d03054","C"
"d03056","N"
"d03058","N"
"d03061","D"
"d03062","C"
"d03063","C"
"d03064","C"
"d03065","N"
"d03066","C"
"d03068","C"
"d03069","C"
"d03070","N"
"d03071","C"
"d03073","X"
"d03074","C"
"d03075","C"
"d03077","C"
"d03078","N"
"d03080","C"
"d03081","N"
"d03085","C"
"d03086","C"
"d03087","C"
"d03089","C"
"d03092","C"
"d03094","C"
"d03095","C"
"d03096","C"
"d03097","N"
"d03098","C"
"d03100","N"
"d03109","C"
"d03110","C"
"d03112","B"
"d03113","C"
"d03114","C"
"d03116","N"
"d03118","C"
"d03125","C"
"d03126","C"
"d03127","C"
"d03128","C"
"d03129","C"
"d03130","N"
"d03131","C"
"d03133","C"
"d03135","C"
"d03136","C"
"d03137","C"
"d03140","N"
"d03141","C"
"d03143","C"
"d03145","N"
"d03148","N"
"d03149","N"
"d03151","D"
"d03152","C"
"d03154","B"
"d03157","D"
"d03158","C"
"d03159","C"
"d03160","C"
"d03162","C"
"d03165","B"
"d03166","C"
"d03168","D"
"d03169","D"
"d03170","C"
"d03171","B"
"d03173","B"
"d03176","C"
"d03180","C"
"d03181","C"
"d03182","C"
"d03183","X"
"d03185","B"
"d03187","C"
"d03189","B"
"d03190","B"
"d03191","B"
"d03192","C"
"d03193","B"
"d03195","N"
"d03196","N"
"d03197","C"
"d03199","N"
"d03200","B"
"d03201","C"
"d03202","C"
"d03203","C"
"d03204","X"
"d03205","C"
"d03206","C"
"d03207","N"
"d03208","B"
"d03210","C"
"d03211","C"
"d03212","C"
"d03213","B"
"d03214","C"
"d03219","C"
"d03220","C"
"d03221","C"
"d03222","B"
"d03223","C"
"d03224","C"
"d03225","C"
"d03226","N"
"d03227","C"
"d03228","B"
"d03229","C"
"d03230","N"
"d03231","C"
"d03232","C"
"d03233","C"
"d03238","X"
"d03240","X"
"d03241","X"
"d03242","X"
"d03244","X"
"d03245","X"
"d03247","N"
"d03248","C"
"d03249","N"
"d03250","C"
"d03251","C"
"d03252","C"
"d03253","C"
"d03254","D"
"d03255","C"
"d03256","C"
"d03257","C"
"d03258","D"
"d03259","C"
"d03260","C"
"d03261","C"
"d03263","C"
"d03264","C"
"d03265","D"
"d03266","D"
"d03267","C"
"d03268","C"
"d03269","B"
"d03270","C"
"d03271","C"
"d03272","C"
"d03273","C"
"d03274","C"
"d03276","C"
"d03277","D"
"d03279","C"
"d03280","D"
"d03282","C"
"d03283","N"
"d03285","D"
"d03286","X"
"d03287","X"
"d03288","C"
"d03289","N"
"d03291","N"
"d03292","C"
"d03293","N"
"d03296","N"
"d03297","N"
"d03298","C"
"d03299","B"
"d03300","N"
"d03301","C"
"d03302","C"
"d03303","C"
"d03304","C"
"d03305","C"
"d03306","C"
"d03307","N"
"d03308","N"
"d03309","N"
"d03310","C"
"d03311","C"
"d03312","C"
"d03313","C"
"d03314","C"
"d03315","C"
"d03316","C"
"d03317","C"
"d03318","C"
"d03319","C"
"d03320","N"
"d03321","N"
"d03322","N"
"d03324","N"
"d03325","N"
"d03326","C"
"d03329","N"
"d03330","N"
"d03331","N"
"d03333","N"
"d03335","N"
"d03336","N"
"d03337","C"
"d03338","N"
"d03339","C"
"d03340","C"
"d03341","C"
"d03342","N"
"d03344","C"
"d03346","C"
"d03347","N"
"d03349","N"
"d03351","N"
"d03352","C"
"d03353","C"
"d03354","C"
"d03355","C"
"d03356","C"
"d03357","C"
"d03359","C"
"d03360","C"
"d03361","C"
"d03362","N"
"d03363","C"
"d03364","C"
"d03365","N"
"d03366","C"
"d03367","C"
"d03368","C"
"d03369","C"
"d03370","C"
"d03371","C"
"d03372","C"
"d03375","C"
"d03376","C"
"d03378","N"
"d03379","C"
"d03380","N"
"d03381","C"
"d03382","C"
"d03383","C"
"d03386","N"
"d03388","X"
"d03389","X"
"d03390","N"
"d03392","C"
"d03393","N"
"d03394","X"
"d03396","C"
"d03397","C"
"d03398","N"
"d03399","N"
"d03400","C"
"d03403","C"
"d03404","C"
"d03407","N"
"d03408","C"
"d03409","C"
"d03411","C"
"d03412","N"
"d03414","C"
"d03416","C"
"d03419","C"
"d03420","C"
"d03422","N"
"d03423","C"
"d03424","C"
"d03425","C"
"d03426","C"
"d03428","C"
"d03429","C"
"d03430","N"
"d03431","C"
"d03432","N"
"d03433","N"
"d03434","N"
"d03435","N"
"d03436","C"
"d03437","N"
"d03439","N"
"d03443","N"
"d03445","N"
"d03447","N"
"d03448","N"
"d03449","N"
"d03453","N"
"d03454","C"
"d03455","C"
"d03456","C"
"d03457","C"
"d03458","C"
"d03459","N"
"d03461","N"
"d03462","N"
"d03463","N"
"d03464","C"
"d03468","C"
"d03469","C"
"d03470","C"
"d03472","N"
"d03473","C"
"d03474","N"
"d03478","N"
"d03479","N"
"d03480","C"
"d03482","N"
"d03483","C"
"d03484","C"
"d03485","N"
"d03486","C"
"d03490","C"
"d03492","N"
"d03494","N"
"d03495","X"
"d03496","N"
"d03497","N"
"d03498","C"
"d03502","C"
"d03503","N"
"d03504","C"
"d03505","C"
"d03506","C"
"d03508","N"
"d03509","C"
"d03510","D"
"d03511","C"
"d03512","C"
"d03513","C"
"d03515","C"
"d03517","N"
"d03518","C"
"d03520","C"
"d03521","N"
"d03522","C"
"d03523","C"
"d03524","N"
"d03525","C"
"d03526","D"
"d03527","N"
"d03528","N"
"d03529","C"
"d03532","N"
"d03533","N"
"d03534","C"
"d03535","C"
"d03536","C"
"d03537","N"
"d03538","N"
"d03540","C"
"d03541","C"
"d03542","C"
"d03543","C"
"d03544","N"
"d03546","C"
"d03550","N"
"d03552","N"
"d03553","C"
"d03555","N"
"d03559","C"
"d03560","N"
"d03561","C"
"d03562","C"
"d03563","C"
"d03564","C"
"d03565","D"
"d03566","D"
"d03569","C"
"d03570","C"
"d03571","N"
"d03572","N"
"d03573","N"
"d03574","C"
"d03575","C"
"d03576","C"
"d03577","C"
"d03578","N"
"d03581","X"
"d03582","X"
"d03583","N"
"d03584","C"
"d03585","N"
"d03586","N"
"d03587","N"
"d03588","C"
"d03591","N"
"d03593","C"
"d03594","N"
"d03596","N"
"d03600","C"
"d03601","C"
"d03612","C"
"d03613","D"
"d03618","C"
"d03619","N"
"d03620","N"
"d03621","N"
"d03622","N"
"d03623","N"
"d03624","C"
"d03625","N"
"d03626","C"
"d03627","C"
"d03628","C"
"d03630","X"
"d03632","N"
"d03634","N"
"d03637","N"
"d03640","B"
"d03641","N"
"d03644","N"
"d03645","N"
"d03646","N"
"d03647","C"
"d03648","N"
"d03649","N"
"d03650","C"
"d03651","C"
"d03652","N"
"d03653","N"
"d03655","B"
"d03656","N"
"d03659","N"
"d03660","C"
"d03661","N"
"d03662","C"
"d03663","N"
"d03664","N"
"d03665","N"
"d03666","N"
"d03667","C"
"d03668","N"
"d03669","N"
"d03670","C"
"d03674","N"
"d03675","B"
"d03676","C"
"d03677","C"
"d03678","C"
"d03679","C"
"d03680","N"
"d03681","N"
"d03682","C"
"d03683","N"
"d03684","C"
"d03686","C"
"d03687","N"
"d03688","N"
"d03689","C"
"d03690","N"
"d03691","N"
"d03692","C"
"d03693","N"
"d03694","C"
"d03695","C"
"d03696","N"
"d03697","N"
"d03698","N"
"d03699","N"
"d03700","N"
"d03701","N"
"d03702","C"
"d03703","C"
"d03704","C"
"d03705","C"
"d03707","N"
"d03708","N"
"d03710","N"
"d03712","C"
"d03713","C"
"d03715","N"
"d03716","C"
"d03718","C"
"d03719","C"
"d03720","C"
"d03721","X"
"d03724","C"
"d03725","C"
"d03735","C"
"d03738","B"
"d03739","C"
"d03740","D"
"d03742","C"
"d03743","C"
"d03744","C"
"d03745","C"
"d03746","D"
"d03747","C"
"d03750","C"
"d03751","C"
"d03752","C"
"d03753","N"
"d03754","B"
"d03755","N"
"d03756","N"
"d03757","C"
"d03759","C"
"d03760","B"
"d03761","N"
"d03762","N"
"d03763","N"
"d03764","C"
"d03766","B"
"d03767","C"
"d03768","N"
"d03770","N"
"d03773","C"
"d03774","B"
"d03775","B"
"d03776","C"
"d03777","C"
"d03778","B"
"d03779","X"
"d03780","X"
"d03781","X"
"d03782","X"
"d03783","C"
"d03784","B"
"d03786","N"
"d03788","C"
"d03789","C"
"d03790","C"
"d03794","N"
"d03796","C"
"d03797","C"
"d03798","C"
"d03799","C"
"d03800","C"
"d03802","C"
"d03803","C"
"d03804","C"
"d03805","C"
"d03806","C"
"d03807","B"
"d03808","C"
"d03809","C"
"d03810","D"
"d03811","C"
"d03812","B"
"d03814","C"
"d03816","C"
"d03817","C"
"d03818","B"
"d03819","X"
"d03820","C"
"d03821","D"
"d03822","C"
"d03823","C"
"d03824","C"
"d03825","C"
"d03826","C"
"d03827","B"
"d03828","B"
"d03829","D"
"d03830","D"
"d03831","N"
"d03832","C"
"d03833","D"
"d03834","B"
"d03835","D"
"d03836","X"
"d03838","B"
"d03839","C"
"d03840","B"
"d03841","C"
"d03842","B"
"d03843","C"
"d03844","C"
"d03845","B"
"d03846","B"
"d03847","C"
"d03848","B"
"d03849","C"
"d03850","X"
"d03857","C"
"d03858","C"
"d03860","B"
"d03861","C"
"d03862","C"
"d03863","D"
"d03864","C"
"d03866","C"
"d03867","C"
"d03868","C"
"d03869","C"
"d03870","B"
"d03871","C"
"d03872","C"
"d03873","D"
"d03874","N"
"d03875","B"
"d03877","N"
"d03878","C"
"d03879","N"
"d03880","N"
"d03881","C"
"d03882","B"
"d03883","N"
"d03884","N"
"d03888","N"
"d03889","D"
"d03890","N"
"d03892","C"
"d03893","C"
"d03894","N"
"d03895","B"
"d03896","C"
"d03897","N"
"d03898","C"
"d03902","N"
"d03903","C"
"d03904","N"
"d03905","C"
"d03906","N"
"d03908","N"
"d03911","C"
"d03913","N"
"d03914","C"
"d03915","N"
"d03918","N"
"d03920","C"
"d03922","N"
"d03923","N"
"d03926","N"
"d03927","C"
"d03929","X"
"d03940","N"
"d03946","N"
"d03951","C"
"d03952","N"
"d03953","C"
"d03954","N"
"d03957","C"
"d03959","N"
"d03960","C"
"d03962","N"
"d03963","C"
"d03964","C"
"d03965","N"
"d03966","C"
"d03968","C"
"d03969","C"
"d03970","C"
"d03971","C"
"d03973","B"
"d03974","C"
"d03975","C"
"d03976","C"
"d03977","C"
"d03978","C"
"d03979","C"
"d03980","C"
"d03981","N"
"d03982","C"
"d03983","B"
"d03984","B"
"d03985","C"
"d03986","C"
"d03987","C"
"d03988","N"
"d03989","N"
"d03990","N"
"d03991","N"
"d03992","N"
"d03993","N"
"d03994","N"
"d03995","N"
"d03996","X"
"d03997","C"
"d03998","N"
"d03999","C"
"d04000","N"
"d04001","C"
"d04002","N"
"d04003","N"
"d04004","D"
"d04005","D"
"d04006","C"
"d04008","D"
"d04009","D"
"d04010","D"
"d04011","C"
"d04012","B"
"d04013","C"
"d04014","D"
"d04015","C"
"d04016","B"
"d04017","C"
"d04018","C"
"d04019","C"
"d04020","C"
"d04021","N"
"d04022","C"
"d04024","N"
"d04025","C"
"d04026","D"
"d04027","B"
"d04028","C"
"d04029","C"
"d04031","C"
"d04032","C"
"d04033","N"
"d04034","C"
"d04035","C"
"d04036","C"
"d04037","C"
"d04038","C"
"d04039","C"
"d04040","C"
"d04041","D"
"d04042","C"
"d04043","X"
"d04044","N"
"d04045","N"
"d04047","C"
"d04048","B"
"d04049","C"
"d04050","N"
"d04051","N"
"d04052","B"
"d04053","B"
"d04054","B"
"d04055","C"
"d04056","C"
"d04057","N"
"d04058","N"
"d04059","C"
"d04060","D"
"d04061","D"
"d04062","N"
"d04063","B"
"d04065","D"
"d04066","C"
"d04067","C"
"d04068","N"
"d04070","C"
"d04073","C"
"d04074","C"
"d04075","N"
"d04076","C"
"d04077","N"
"d04079","C"
"d04081","C"
"d04083","C"
"d04084","C"
"d04085","C"
"d04086","N"
"d04087","C"
"d04088","N"
"d04089","N"
"d04090","N"
"d04092","C"
"d04093","C"
"d04094","C"
"d04095","C"
"d04096","C"
"d04098","C"
"d04099","N"
"d04100","B"
"d04101","C"
"d04102","N"
"d04103","C"
"d04105","X"
"d04106","N"
"d04107","N"
"d04108","C"
"d04109","N"
"d04110","B"
"d04111","B"
"d04112","B"
"d04113","D"
"d04114","B"
"d04115","C"
"d04116","D"
"d04117","C"
"d04118","B"
"d04119","C"
"d04120","X"
"d04121","B"
"d04122","B"
"d04123","A"
"d04124","C"
"d04125","B"
"d04126","C"
"d04128","C"
"d04129","C"
"d04130","C"
"d04131","C"
"d04132","C"
"d04133","C"
"d04134","C"
"d04135","C"
"d04136","B"
"d04137","D"
"d04138","X"
"d04139","C"
"d04140","X"
"d04141","D"
"d04142","N"
"d04143","N"
"d04144","N"
"d04145","C"
"d04146","C"
"d04147","C"
"d04148","B"
"d04149","C"
"d04150","C"
"d04151","N"
"d04152","C"
"d04153","C"
"d04154","C"
"d04155","N"
"d04156","D"
"d04157","N"
"d04158","C"
"d04159","N"
"d04160","C"
"d04161","C"
"d04163","N"
"d04165","N"
"d04166","N"
"d04167","N"
"d04168","N"
"d04169","N"
"d04172","N"
"d04173","N"
"d04174","N"
"d04175","N"
"d04177","N"
"d04178","N"
"d04179","N"
"d04181","N"
"d04183","N"
"d04184","N"
"d04185","N"
"d04186","C"
"d04187","C"
"d04189","N"
"d04190","N"
"d04191","N"
"d04192","N"
"d04193","N"
"d04194","N"
"d04195","N"
"d04196","C"
"d04197","C"
"d04198","N"
"d04200","C"
"d04201","C"
"d04202","X"
"d04203","C"
"d04204","C"
"d04205","C"
"d04206","C"
"d04207","C"
"d04208","C"
"d04209","C"
"d04210","X"
"d04211","X"
"d04212","C"
"d04213","D"
"d04214","B"
"d04215","C"
"d04216","B"
"d04217","C"
"d04218","C"
"d04219","C"
"d04220","C"
"d04221","C"
"d04222","D"
"d04223","C"
"d04224","C"
"d04225","C"
"d04226","C"
"d04227","N"
"d04228","N"
"d04229","C"
"d04230","C"
"d04231","N"
"d04232","C"
"d04233","C"
"d04234","C"
"d04235","B"
"d04236","N"
"d04237","C"
"d04238","B"
"d04239","D"
"d04240","N"
"d04241","C"
"d04242","C"
"d04243","D"
"d04244","C"
"d04245","D"
"d04246","C"
"d04247","C"
"d04248","N"
"d04249","N"
"d04250","C"
"d04251","C"
"d04252","N"
"d04253","C"
"d04254","C"
"d04255","C"
"d04256","B"
"d04257","B"
"d04258","B"
"d04259","C"
"d04260","C"
"d04261","X"
"d04262","C"
"d04263","C"
"d04264","C"
"d04265","C"
"d04266","D"
"d04267","C"
"d04268","X"
"d04269","N"
"d04270","C"
"d04271","X"
"d04272","C"
"d04273","X"
"d04274","N"
"d04275","C"
"d04276","C"
"d04277","C"
"d04278","N"
"d04279","C"
"d04280","C"
"d04281","B"
"d04282","C"
"d04283","C"
"d04284","C"
"d04285","C"
"d04286","C"
"d04287","C"
"d04288","C"
"d04289","B"
"d04290","C"
"d04291","B"
"d04292","C"
"d04293","D"
"d04294","C"
"d04295","X"
"d04296","N"
"d04297","N"
"d04298","N"
"d04299","B"
"d04300","C"
"d04301","C"
"d04302","N"
"d04303","C"
"d04304","C"
"d04305","C"
"d04307","N"
"d04308","N"
"d04309","N"
"d04310","N"
"d04311","D"
"d04312","C"
"d04313","C"
"d04314","B"
"d04315","B"
"d04316","B"
"d04317","C"
"d04318","C"
"d04319","C"
"d04320","C"
"d04321","X"
"d04322","D"
"d04323","C"
"d04324","C"
"d04325","B"
"d04326","N"
"d04327","C"
"d04328","C"
"d04329","N"
"d04330","N"
"d04331","X"
"d04332","C"
"d04333","N"
"d04334","D"
"d04335","C"
"d04336","N"
"d04337","C"
"d04338","C"
"d04339","C"
"d04340","X"
"d04341","X"
"d04342","C"
"d04343","C"
"d04344","C"
"d04345","N"
"d04346","N"
"d04347","D"
"d04348","N"
"d04349","X"
"d04350","C"
"d04351","N"
"d04352","N"
"d04353","N"
"d04354","N"
"d04355","D"
"d04356","C"
"d04357","B"
"d04358","B"
"d04359","C"
"d04360","C"
"d04361","C"
"d04362","N"
"d04363","C"
"d04364","D"
"d04365","B"
"d04366","B"
"d04367","N"
"d04368","N"
"d04369","B"
"d04370","B"
"d04371","B"
"d04372","B"
"d04373","B"
"d04374","B"
"d04375","X"
"d04376","C"
"d04377","C"
"d04378","C"
"d04379","C"
"d04380","C"
"d04381","C"
"d04382","C"
"d04383","C"
"d04384","C"
"d04385","D"
"d04386","C"
"d04387","B"
"d04388","C"
"d04389","C"
"d04390","N"
"d04391","N"
"d04392","N"
"d04393","D"
"d04394","B"
"d04395","B"
"d04396","X"
"d04397","N"
"d04398","C"
"d04399","C"
"d04400","C"
"d04401","C"
"d04402","C"
"d04403","B"
"d04404","C"
"d04405","B"
"d04406","C"
"d04407","N"
"d04408","N"
"d04409","N"
"d04410","N"
"d04411","N"
"d04412","N"
"d04413","N"
"d04414","N"
"d04415","N"
"d04416","N"
"d04417","N"
"d04418","N"
"d04419","N"
"d04420","N"
"d04421","N"
"d04422","N"
"d04423","N"
"d04424","N"
"d04425","N"
"d04426","N"
"d04427","C"
"d04428","C"
"d04429","B"
"d04430","N"
"d04431","N"
"d04432","N"
"d04433","C"
"d04434","C"
"d04435","B"
"d04436","B"
"d04437","N"
"d04438","N"
"d04439","N"
"d04440","D"
"d04441","C"
"d04442","C"
"d04443","B"
"d04444","C"
"d04445","C"
"d04446","C"
"d04447","X"
"d04448","B"
"d04449","B"
"d04450","C"
"d04451","D"
"d04452","C"
"d04453","C"
"d04454","D"
"d04455","B"
"d04456","B"
"d04457","B"
"d04458","C"
"d04459","N"
"d04460","C"
"d04461","D"
"d04462","C"
"d04463","N"
"d04464","N"
"d04465","N"
"d04466","N"
"d04467","N"
"d04468","N"
"d04469","N"
"d04470","N"
"d04471","N"
"d04472","N"
"d04473","N"
"d04474","N"
"d04475","N"
"d04476","N"
"d04477","N"
"d04478","N"
"d04479","N"
"d04480","N"
"d04481","N"
"d04482","N"
"d04483","N"
"d04484","N"
"d04485","N"
"d04486","N"
"d04487","N"
"d04488","N"
"d04489","N"
"d04490","N"
"d04491","N"
"d04492","N"
"d04493","N"
"d04494","N"
"d04495","N"
"d04496","N"
"d04497","B"
"d04498","N"
"d04499","C"
"d04500","C"
"d04501","C"
"d04502","N"
"d04503","B"
"d04504","C"
"d04505","C"
"d04506","X"
"d04507","X"
"d04508","C"
"d04509","D"
"d04510","B"
"d04511","B"
"d04512","C"
"d04513","C"
"d04514","B"
"d04515","C"
"d04516","B"
"d04517","C"
"d04518","X"
"d04519","X"
"d04520","C"
"d04521","N"
"d04522","N"
"d04523","N"
"d04524","N"
"d04525","N"
"d04526","N"
"d04527","C"
"d04528","C"
"d04529","C"
"d04530","D"
"d04531","D"
"d04532","C"
"d04533","C"
"d04534","C"
"d04535","C"
"d04536","C"
"d04537","B"
"d04538","C"
"d04539","D"
"d04540","D"
"d04541","C"
"d04547","C"
"d04572","C"
"d04587","C"
"d04593","C"
"d04611","C"
"d04659","B"
"d04685","C"
"d04688","C"
"d04689","N"
"d04694","C"
"d04695","B"
"d04696","N"
"d04697","B"
"d04698","B"
"d04699","N"
"d04700","B"
"d04701","X"
"d04702","N"
"d04703","B"
"d04704","C"
"d04705","C"
"d04706","X"
"d04707","C"
"d04708","X"
"d04709","C"
"d04711","D"
"d04716","C"
"d04717","C"
"d04718","X"
"d04719","C"
"d04720","D"
"d04721","X"
"d04722","B"
"d04723","N"
"d04724","N"
"d04725","B"
"d04726","N"
"d04727","C"
"d04732","N"
"d04737","D"
"d04738","N"
"d04739","C"
"d04740","C"
"d04741","N"
"d04742","C"
"d04743","C"
"d04744","B"
"d04745","C"
"d04746","C"
"d04747","C"
"d04748","C"
"d04749","B"
"d04750","B"
"d04751","N"
"d04752","C"
"d04753","C"
"d04754","C"
"d04755","C"
"d04756","C"
"d04757","C"
"d04758","D"
"d04759","X"
"d04760","X"
"d04761","D"
"d04762","C"
"d04763","C"
"d04764","B"
"d04765","C"
"d04766","C"
"d04767","B"
"d04769","C"
"d04770","C"
"d04771","C"
"d04772","X"
"d04773","X"
"d04774","B"
"d04775","B"
"d04776","C"
"d04777","C"
"d04778","C"
"d04779","X"
"d04780","C"
"d04781","X"
"d04782","X"
"d04783","B"
"d04784","C"
"d04785","C"
"d04786","B"
"d04787","X"
"d04788","X"
"d04789","C"
"d04790","C"
"d04791","C"
"d04792","N"
"d04793","N"
"d04794","N"
"d04795","C"
"d04796","B"
"d04797","B"
"d04798","B"
"d04799","D"
"d04800","D"
"d04801","D"
"d04802","B"
"d04803","D"
"d04804","C"
"d04805","C"
"d04806","B"
"d04811","D"
"d04812","C"
"d04813","N"
"d04814","C"
"d04815","B"
"d04816","N"
"d04817","C"
"d04818","C"
"d04819","C"
"d04820","C"
"d04821","C"
"d04822","B"
"d04823","C"
"d04824","C"
"d04825","C"
"d04826","B"
"d04827","C"
"d04828","C"
"d04829","C"
"d04831","C"
"d04832","C"
"d04834","D"
"d04835","B"
"d04836","C"
"d04837","D"
"d04838","C"
"d04839","C"
"d04840","C"
"d04841","C"
"d04842","C"
"d04843","B"
"d04844","N"
"d04845","D"
"d04847","X"
"d04848","N"
"d04849","C"
"d04850","C"
"d04851","X"
"d04852","C"
"d04853","B"
"d04854","B"
"d04855","B"
"d04856","N"
"d04857","C"
"d04858","D"
"d04859","C"
"d04860","C"
"d04861","C"
"d04862","C"
"d04863","N"
"d04864","C"
"d04865","C"
"d04866","B"
"d04867","B"
"d04868","D"
"d04869","C"
"d04870","C"
"d04871","D"
"d04872","C"
"d04873","N"
"d04874","N"
"d04875","C"
"d04877","C"
"d04878","D"
"d04879","C"
"d04880","C"
"d04881","B"
"d04882","B"
"d04883","X"
"d04884","B"
"d04885","X"
"d04886","X"
"d04887","C"
"d04888","B"
"d04889","X"
"d04890","C"
"d04891","C"
"d04892","C"
"d04893","B"
"d04894","B"
"d04895","C"
"d04896","B"
"d04897","C"
"d04898","C"
"d04899","B"
"d04900","N"
"d04901","C"
"d04902","C"
"d04903","C"
"d04904","C"
"d04905","C"
"d04906","N"
"d04907","N"
"d04908","X"
"d04909","N"
"d04910","N"
"d04911","N"
"d04912","C"
"d04913","B"
"d04914","X"
"d04915","C"
"d04916","N"
"d04917","C"
"d04920","C"
"d04921","C"
"d04922","N"
"d04923","N"
"d04924","N"
"d04925","C"
"d04929","C"
"d04933","C"
"d04935","C"
"d04952","N"
"d04986","C"
"d04991","C"
"d05029","X"
"d05044","C"
"d05047","D"
"d05048","X"
"d05101","C"
"d05106","C"
"d05117","C"
"d05119","C"
"d05150","C"
"d05157","C"
"d05190","N"
"d05214","C"
"d05215","N"
"d05216","B"
"d05217","C"
"d05218","C"
"d05227","N"
"d05232","C"
"d05234","N"
"d05238","C"
"d05262","C"
"d05278","C"
"d05292","C"
"d05293","D"
"d05294","C"
"d05295","C"
"d05303","C"
"d05332","N"
"d05337","C"
"d05338","C"
"d05339","C"
"d05340","C"
"d05341","C"
"d05342","C"
"d05343","C"
"d05348","X"
"d05349","C"
"d05350","C"
"d05351","C"
"d05352","B"
"d05353","N"
"d05354","C"
"d05355","C"
"d05356","C"
"d05357","C"
"d05361","C"
"d05365","C"
"d05366","N"
"d05369","C"
"d05370","C"
"d05378","N"
"d05383","N"
"d05384","N"
"d05389","N"
"d05395","C"
"d05397","N"
"d05411","C"
"d05412","D"
"d05413","C"
"d05414","C"
"d05415","C"
"d05416","C"
"d05417","C"
"d05418","B"
"d05419","C"
"d05420","N"
"d05421","C"
"d05422","C"
"d05423","D"
"d05424","C"
"d05425","C"
"d05426","C"
"d05427","D"
"d05428","C"
"d05429","C"
"d05430","B"
"d05431","C"
"d05432","C"
"d05433","C"
"d05434","C"
"d05436","C"
"d05449","N"
"d05450","N"
"d05459","C"
"d05460","N"
"d05461","C"
"d05463","N"
"d05470","C"
"d05471","N"
"d05473","C"
"d05487","C"
"d05488","C"
"d05490","C"
"d05495","B"
"d05508","C"
"d05514","C"
"d05518","C"
"d05525","C"
"d05526","C"
"d05527","C"
"d05528","N"
"d05529","C"
"d05530","X"
"d05533","B"
"d05534","C"
"d05535","N"
"d05536","C"
"d05537","D"
"d05538","C"
"d05539","C"
"d05540","C"
"d05541","B"
"d05543","C"
"d05544","N"
"d05578","C"
"d05583","N"
"d05612","C"
"d05630","C"
"d05631","N"
"d05632","N"
"d05633","C"
"d05634","B"
"d05635","C"
"d05636","C"
"d05637","N"
"d05644","C"
"d05645","C"
"d05646","N"
"d05647","N"
"d05649","B"
"d05651","N"
"d05654","C"
"d05655","D"
"d05657","N"
"d05659","B"
"d05660","N"
"d05661","N"
"d05668","C"
"d05674","C"
"d05690","C"
"d05691","D"
"d05692","C"
"d05694","C"
"d05696","X"
"d05699","C"
"d05701","C"
"d05702","N"
"d05703","N"
"d05704","C"
"d05717","D"
"d05719","C"
"d05722","C"
"d05728","C"
"d05731","C"
"d05733","C"
"d05734","N"
"d05735","C"
"d05736","C"
"d05748","N"
"d05753","C"
"d05757","N"
"d05765","C"
"d05766","C"
"d05767","C"
"d05768","N"
"d05769","C"
"d05770","C"
"d05772","C"
"d05773","N"
"d05774","C"
"d05775","C"
"d05776","D"
"d05777","D"
"d05778","N"
"d05781","C"
"d05782","C"
"d05785","C"
"d05786","C"
"d05787","B"
"d05788","D"
"d05806","N"
"d05807","C"
"d05809","N"
"d05810","N"
"d05813","C"
"d05814","C"
"d05815","N"
"d05816","N"
"d05817","B"
"d05819","B"
"d05825","B"
"d05827","C"
"d05830","B"
"d05831","D"
"d05835","C"
"d05840","C"
"d05847","D"
"d05848","C"
"d05851","B"
"d05853","C"
"d05855","C"
"d05856","C"
"d05866","N"
"d05873","N"
"d05874","C"
"d05875","C"
"d05876","C"
"d05877","C"
"d05878","N"
"d05879","C"
"d05891","D"
"d05892","C"
"d05893","C"
"d05894","N"
"d05896","B"
"d05897","C"
"d05899","C"
"d05912","B"
"d05963","C"
"d05964","N"
"d05965","C"
"d05973","C"
"d05974","C"
"d05982","C"
"d06032","N"
"d06058","C"
"d06080","C"
"d06227","B"
"d06297","C"
"d06370","N"
"d06392","N"
"d06648","C"
"d06652","N"
"d06653","N"
"d06655","N"
"d06663","C"
"d06664","C"
"d06665","D"
"d06666","C"
"d06667","C"
"d06668","C"
"d06669","C"
"d06672","D"
"d06673","C"
"d06720","B"
"d06831","B"
"d06833","N"
"d06834","D"
"d06835","C"
"d06836","D"
