active_ingredient_code,active_ingredient
4115,"Rh0 (d) immune globulin human"
4116,"abciximab"
4117,"acarbose"
4118,"acebutolol hydrochloride"
4119,"acetaminophen"
4120,"acetate"
4121,"acetazolamide"
4122,"acetic acid"
4123,"acetohexamide"
4124,"acetohydroxamic acid"
4125,"acetylcarbromal"
4126,"acetylcholine chloride"
4127,"acetylcysteine"
4128,"acitretin"
4129,"alclometasone dipropionate"
4130,"acrivastine"
4131,"activated charcoal"
4132,"acyclovir"
4133,"acyclovir  sodium"
4134,"adapalene"
4135,"adenosine"
4136,"adenosine phosphate"
4137,"adenosine-5 monophosphate"
4138,"adenosine-5-triphosphate disodium"
4139,"adiastatic barley malt extract"
4140,"alatrofloxacin mesylate"
4141,"albendazole"
4142,"albumin, normal serum, human"
4143,"albuterol"
4144,"albuterol sulfate"
4145,"aldesleukin"
4146,"alendronate"
4147,"alfentanil"
4148,"alglucerase"
4149,"allantoin"
4150,"allopurinol"
4151,"aloe vera"
4152,"alpha-1 proteinase inhibitor"
4153,"alprazolam"
4154,"alprostadil"
4155,"alteplase, recombinant"
4156,"altretamine"
4157,"aluminum acetate"
4158,"aluminum chloride (hexahydrate)"
4159,"aluminum hydroxide"
4160,"aluminum hydroxide (as aluminum carbonate)"
4161,"amantadine"
4162,"ambenonium chloride"
4163,"amcinonide"
4164,"amifostine"
4165,"amikacin sulfate"
4166,"amiloride hydrochloride"
4167,"amiloride hydrochloride dihydrate"
4168,"amino acids"
4169,"aminocaproic acid"
4170,"aminoglutethimide"
4171,"aminohippurate sodium"
4172,"aminophylline"
4173,"aminophylline (as theophylline)"
4174,"aminophylline anhydrous"
4175,"aminophylline dihydrate"
4176,"aminosalicylic acid"
4177,"amiodarone hydrochloride"
4178,"amitriptyline hydrochloride"
4179,"amlexanox"
4180,"amlodipine besylate"
4181,"ammoniated mercury"
4182,"ammonium chloride"
4183,"ammonium lactate"
4184,"ammonium molybdate"
4185,"amobarbital sodium"
4186,"amoxapine"
4187,"amoxicillin (as trihydrate)"
4188,"amphetamine aspartate"
4189,"amphetamine sulfate"
4190,"amphotericin B"
4191,"amphotericin B cholesteryl sulfate"
4192,"amphotericin B lipid complex"
4193,"amphotericin liposomal"
4194,"ampicillin (anhydrous)"
4195,"ampicillin sodium"
4196,"amrinone lactate"
4197,"amyl nitrite"
4198,"amylase"
4199,"anagrelide hydrochloride"
4200,"anastrozole"
4201,"anhydrous calcium iodide"
4202,"anhydrous morphine"
4203,"anisindione"
4204,"anistreplase"
4205,"antazoline phosphate"
4206,"anthralin"
4207,"antihemophilic factor, human"
4208,"antihemophilic factor, porcine"
4209,"antihemophilic factor, recombinant"
4210,"antipyrine"
4211,"antithrombin III (human)"
4212,"antivenin (crotalidae) polyvalent"
4213,"antivenin (lactrodectus mactans)"
4214,"apraclonidine hydrochloride"
4215,"aprotinin"
4216,"arbutamine (as hydrochloride)"
4217,"arcitumomab"
4218,"ardeparin"
4219,"arginine hydrochloride"
4220,"arnica"
4221,"ascorbic acid"
4222,"asparaginase"
4223,"aspirin"
4224,"astemizole"
4225,"atenolol"
4226,"atorvastatin"
4227,"atovaquone"
4228,"atracurium besylate"
4229,"atropine sulfate"
4230,"attapulgite"
4231,"auranofin"
4232,"aurothioglucose"
4233,"azatadine maleate"
4234,"azathioprine"
4235,"azathioprine sodium"
4236,"azelaic acid"
4237,"azelastine"
4238,"azithromycin"
4239,"aztreonam"
4240,"bacampicillin hydrochloride"
4241,"bacitracin"
4242,"bacitracin zinc"
4243,"baclofen"
4244,"balsam peru"
4245,"barium sulfate"
4246,"basiliximab"
4248,"becaplermin"
4249,"beclomethasone dipropionate"
4250,"belladonna extract"
4251,"benazepril hydrochloride"
4252,"bendroflumethiazide"
4253,"benoxinate hydrochloride"
4254,"bentoquatam"
4255,"benzalkonium chloride"
4256,"benzocaine"
4257,"benzoic acid"
4258,"benzoin"
4259,"benzoin compound"
4260,"benzonatate"
4261,"benzoyl peroxide"
4262,"benzphetamine hydrochloride"
4263,"benzthiazide"
4264,"benztropine mesylate"
4265,"benzyl benzoate"
4266,"benzylpenicilloyl polylysine"
4267,"bepridil hydrochloride"
4268,"beractant"
4269,"beta-carotene"
4270,"betamethasone"
4271,"betamethasone acetate"
4272,"betamethasone benzoate"
4273,"betamethasone dipropionate"
4274,"betamethasone dipropionate micronized"
4275,"betamethasone dipropionate monohydrate"
4276,"betamethasone dipropionate, augmented"
4277,"betamethasone sodium phosphate"
4278,"betamethasone valerate"
4279,"betamethasone valerate micronized"
4280,"betaxolol hydrochloride"
4281,"bethanechol chloride"
4282,"bicalutamide"
4283,"bile salts"
4284,"bioflavonoids"
4285,"biperiden"
4286,"bisacodyl"
4287,"bismuth subcarbonate"
4288,"bismuth subgallate"
4289,"bismuth subnitrate"
4290,"bismuth subsalicylate"
4291,"bisoprolol fumarate"
4292,"bitolterol mesylate"
4293,"bleomycin sulfate"
4294,"boric acid"
4295,"botulinum toxin type A"
4296,"bretylium tosylate"
4297,"brimonidine"
4298,"brinzolamide"
4299,"bromfenac"
4300,"bromocriptine mesylate"
4301,"bromodiphenhydramine"
4302,"brompheniramine maleate"
4303,"budesonide"
4304,"bumetanide"
4305,"bupivacaine hydrochloride"
4306,"buprenorphine hydrochloride"
4307,"bupropion hydrochloride"
4308,"buspirone hydrochloride"
4309,"busulfan"
4310,"butabarbital sodium"
4311,"butalbital"
4312,"butamben picrate"
4313,"butenafine"
4314,"butoconazole nitrate"
4315,"butorphanol tartrate"
4316,"butyl aminobenzoate"
4317,"cabergoline"
4318,"caffeine"
4319,"caffeine citrate"
4320,"calamine"
4321,"calcifediol"
4322,"calcipotriene"
4323,"calcitonin, salmon"
4324,"calcitriol"
4325,"calcium"
4326,"calcium (as carbonate)"
4327,"calcium (as phosphate tribasic)"
4328,"calcium (as phosphate)"
4329,"calcium acetate"
4330,"calcium carbonate"
4331,"calcium chloride"
4332,"calcium chloride dihydrate"
4333,"calcium chloride, dihydration"
4334,"calcium citrate"
4335,"calcium glubionate"
4336,"calcium gluceptate"
4337,"calcium gluconate"
4338,"calcium glycerophosphate"
4339,"calcium lactate"
4340,"calcium polycarbophil"
4341,"calcium sennosides"
4342,"calcium undecylenate"
4343,"camphor"
4344,"capecitabine"
4345,"capreomycin sulfate"
4346,"capsaicin"
4347,"captopril"
4348,"caramiphen edisylate"
4349,"carbachol"
4350,"carbamazepine"
4351,"carbamide peroxide"
4352,"carbenicillin indanyl sodium"
4353,"carbetapentane"
4354,"carbetapentane tannate"
4355,"carbidopa"
4356,"carbinoxamine maleate"
4357,"carboplatin"
4358,"carboprost tromethamine"
4359,"carisoprodol"
4360,"carmustine"
4361,"carteolol hydrochloride"
4362,"carteolol hydrochloride oral"
4363,"carvedilol"
4364,"casanthranol"
4365,"cascara sagrada"
4366,"cascara sagrada fluid extract"
4367,"castor oil"
4368,"cefaclor"
4369,"cefadroxil monohydrate"
4370,"cefamandole naftate"
4371,"cefazolin sodium"
4372,"cefdinir"
4373,"cefepime hydrochloride"
4374,"cefixime"
4375,"cefmetazole sodium"
4376,"cefonicid sodium"
4377,"cefoperazone sodium"
4378,"cefotaxime sodium"
4379,"cefotetan disodium"
4380,"cefoxitin sodium"
4381,"cefpodoxime proxetil"
4382,"cefprozil"
4383,"ceftazidime"
4384,"ceftazidime sodium"
4385,"ceftibuten"
4386,"ceftizoxime sodium"
4387,"ceftriaxone sodium"
4388,"cefuroxime axetil"
4389,"cefuroxime sodium"
4390,"cellulase"
4391,"cellulose"
4392,"cellulose sodium phosphate"
4393,"cephalexin hydrochloride"
4394,"cephalexin monohydrate"
4395,"cephalothin sodium"
4396,"cephapirin sodium"
4397,"cephradine"
4398,"cerivastatin sodium"
4399,"cetirizine"
4400,"cetirizine hydrochloride"
4401,"cetylpyridinium chloride"
4402,"charcoal"
4403,"chelated magnesium"
4404,"chloral hydrate"
4405,"chlorambucil"
4406,"chloramphenicol"
4407,"chloramphenicol sodium succinate"
4408,"chlorcyclizine hydrochloride"
4409,"chlordiazepoxide"
4410,"chlordiazepoxide hydrochloride"
4411,"chlorhexidine gluconate"
4412,"chloride"
4413,"chlormezanone"
4414,"chlorophyll derivatives"
4415,"chlorophyllin copper complex"
4416,"chloroprocaine hydrochloride"
4417,"chloroquine hydrochloride"
4418,"chloroquine phosphate"
4419,"chlorothiazide"
4420,"chlorothiazide sodium"
4421,"chlorotrianisene"
4422,"chloroxine"
4423,"chloroxylenol"
4424,"chlorphenesin carbamate"
4425,"chlorpheniramine maleate"
4426,"chlorpheniramine polistirex"
4427,"chlorpheniramine tannate"
4428,"chlorpromazine"
4429,"chlorpromazine hydrochloride"
4430,"chlorpropamide"
4431,"chlortetracycline hydrochloride"
4432,"chlorthalidone"
4433,"chlorzoxazone"
4434,"cholecalciferol"
4435,"cholestyramine"
4436,"choline"
4437,"choline bitartrate"
4438,"choline salicylate"
4439,"chromic chloride"
4440,"chromium"
4441,"chromium chloride"
4442,"chromium piccolinate"
4443,"chymopapain"
4444,"chymotrypsin"
4445,"ciclopirox olamine"
4446,"cidofovir"
4447,"cilastatin sodium"
4448,"cimetidine"
4449,"cimetidine hydrochloride"
4450,"cinoxacin"
4451,"ciprofloxacin"
4452,"ciprofloxacin hydrochloride"
4453,"cisapride"
4454,"cisapride monohydrate"
4455,"cisatracurium besylate"
4456,"cisplatin"
4457,"citrate"
4458,"citric acid"
4459,"citric acid (anhydrous)"
4460,"citric acid monohydrate"
4461,"cladribine"
4462,"clarithromycin"
4463,"clavulanate potassium"
4464,"clemastine fumarate"
4465,"clidinium bromide"
4466,"clindamycin"
4467,"clindamycin hydrochloride"
4468,"clindamycin palmitate hydrochloride"
4469,"clindamycin phosphate"
4470,"clioquinol"
4471,"clobetasol propionate"
4472,"clocortolone pivalate"
4473,"clofazimine"
4474,"clofibrate"
4475,"clomiphene citrate"
4476,"clomipramine hydrochloride"
4477,"clonazepam"
4478,"clonidine"
4479,"clonidine hydrochloride"
4480,"clopidogrel"
4481,"clorazepate dipotassium"
4482,"clotrimazole"
4483,"cloxacillin sodium"
4484,"clozapine"
4485,"coal tar"
4486,"coal tar (as coal tar extract)"
4487,"coal tar extract"
4488,"cocaine hydrochloride"
4489,"coccidioidin"
4490,"codeine"
4491,"codeine phosphate"
4492,"codeine sulfate"
4493,"colchicine"
4494,"colestipol hydrochloride"
4495,"colistimethate sodium"
4496,"colistin sulfate"
4497,"collagenase"
4498,"colloidal oatmeal"
4499,"colloidal sulfur"
4500,"conjugated estrogens"
4501,"copper"
4502,"copper chloride"
4503,"copper sulfate"
4504,"corn starch"
4505,"corticorelin ovine (as trifluoroacetate)"
4506,"corticotropin"
4507,"corticotropin, repository"
4508,"cortisone acetate"
4509,"cosyntropin"
4510,"cromolyn sodium"
4511,"crotamiton"
4512,"cupric chloride"
4513,"cupric sulfate"
4514,"cyanocobalamin"
4515,"cyclandelate"
4516,"cyclizine hydrochloride"
4517,"cyclobenzaprine hydrochloride"
4518,"cyclopentolate hydrochloride"
4519,"cyclophosphamide"
4520,"cycloserine"
4521,"cyclosporine"
4522,"cyproheptadine hydrochloride"
4523,"cysteamine"
4524,"cysteine hydrochloride"
4525,"cystine"
4526,"cytarabine"
4527,"cytomegalovirus immune globulin"
4528,"dacarbazine"
4529,"daclizumab"
4530,"dactinomycin"
4531,"dalteparin sodium"
4532,"danaparoid sodium"
4533,"danazol"
4534,"dantrolene sodium"
4535,"dapiprazole hydrochloride"
4536,"dapsone"
4537,"daunorubicin citrate liposome"
4538,"daunorubicin hydrochloride"
4539,"deferoxamine mesylate"
4540,"dehydrocholic acid"
4541,"delavirdine"
4542,"demecarium bromide"
4543,"demeclocycline hydrochloride"
4544,"deserpidine"
4545,"desflurane"
4546,"desiccated liver"
4547,"desipramine hydrochloride"
4548,"desmopressin acetate"
4549,"desogestrel"
4550,"desonide"
4551,"desoximetasone"
4552,"dexamethasone"
4553,"dexamethasone acetate"
4554,"dexamethasone sodium phosphate"
4555,"dexbrompheniramine maleate"
4556,"dexchlorpheniramine maleate"
4557,"dexfenfluramine hydrochloride"
4558,"dexpanthenol"
4559,"dexrazoxane"
4560,"dextran 1"
4561,"dextran 40"
4562,"dextran 70"
4563,"dextroamphetamine saccharate"
4564,"dextroamphetamine sulfate"
4565,"dextromethorphan"
4566,"dextromethorphan hydrobromide"
4567,"dextrose"
4568,"dextrose (hydrous)"
4569,"dextrothyroxine sodium"
4570,"dezocine"
4571,"diatrizoate meglumine"
4572,"diatrizoate sodium"
4573,"diazepam"
4574,"diazoxide"
4575,"dibasic sodium phosphate"
4576,"dibasic sodium phosphate heptahydrate"
4577,"dibucaine"
4578,"dichloralphenazone"
4579,"dichloroacetic acid"
4580,"dichlorodifluoromethane"
4581,"dichlorphenamide"
4582,"diclofenac"
4583,"diclofenac potassium"
4584,"diclofenac sodium"
4585,"dicloxacillin sodium"
4586,"dicumarol"
4587,"dicyclomine hydrochloride"
4588,"didanosine"
4589,"dienestrol"
4590,"diethylpropion hydrochloride"
4591,"diethylstilbestrol"
4592,"diethylstilbestrol diphosphate"
4593,"difenoxin hydrochloride"
4594,"diflorasone diacetate"
4595,"diflunisal"
4596,"digitoxin"
4597,"digoxin"
4598,"digoxin immune Fab (ovine)"
4599,"dihydrocodeine bitartrate"
4600,"dihydroergotamine mesylate"
4601,"dihydrotachysterol"
4602,"dihydroxyacetone"
4603,"dihydroxyaluminum sodium carbonate"
4604,"diltiazem hydrochloride"
4605,"dimenhydrinate"
4606,"dimercaprol"
4607,"dimethicone"
4608,"dimethyl sulfoxide"
4609,"dinoprostone"
4610,"diperodin hydrochloride"
4611,"diphenhydramine citrate"
4612,"diphenhydramine hydrochloride"
4613,"diphenoxylate hydrochloride"
4614,"diphtheria toxoid"
4615,"diphtheria antitoxin"
4616,"diphtheria protein"
4617,"diphtheria toxoid protein"
4618,"dipivefrin hydrochloride"
4619,"dipyridamole"
4620,"dirithromycin"
4621,"disodium hydrogen phosphate"
4622,"disopyramide phosphate"
4623,"disulfiram"
4624,"divalproex sodium"
4625,"dobutamine hydrochloride"
4626,"docetaxel"
4627,"docusate calcium"
4628,"docusate potassium"
4629,"docusate sodium"
4630,"dolasetron mesylate"
4631,"donepezil"
4632,"dopamine hydrochloride"
4633,"dornase alfa"
4634,"dorzolamide hydrochloride"
4635,"doxacurium chloride"
4636,"doxapram hydrochloride"
4637,"doxazosin mesylate"
4638,"doxepin hydrochloride"
4639,"doxorubicin hydrochloride"
4640,"doxorubicin hydrochloride liposome"
4641,"doxycycline calcium"
4642,"doxycycline hyclate"
4643,"doxycycline monohydrate"
4644,"doxylamine succinate"
4645,"dronabinol"
4646,"droperidol"
4647,"dyclonine hydrochloride"
4648,"dyphylline"
4649,"echothiophate iodide"
4650,"econazole nitrate"
4651,"edetate calcium disodium"
4652,"edetate disodium"
4653,"edrophonium chloride"
4654,"emedastine difumarate"
4655,"enalapril"
4656,"enalapril maleate"
4657,"enalaprilat"
4658,"enoxacin"
4659,"enoxaparin sodium"
4660,"ephedrine hydrochloride"
4661,"ephedrine sulfate"
4662,"ephedrine tannate"
4663,"epinephrine"
4664,"epinephrine (as bitartrate)"
4665,"epinephrine bitartrate"
4666,"epinephrine borate"
4667,"epinephrine hydrochloride"
4668,"epoetin alfa"
4669,"epoprostenol sodium"
4670,"eptifibatide"
4671,"ergocalciferol"
4672,"ergoloid mesylates"
4673,"ergonovine maleate"
4674,"ergotamine tartrate"
4675,"erythromycin"
4676,"erythromycin estolate"
4677,"erythromycin ethylsuccinate"
4678,"erythromycin gluceptate"
4679,"erythromycin lactobionate"
4680,"erythromycin stearate"
4681,"esmolol hydrochloride"
4682,"estazolam"
4683,"esterified estrogens"
4684,"estradiol"
4685,"estradiol cypionate"
4686,"estradiol valerate"
4687,"estramustine phosphate sodium"
4688,"estrone"
4689,"estropipate"
4690,"ethacrynic acid"
4691,"ethacrynic acid (as ethacrynate sodium)"
4692,"ethambutol hydrochloride"
4693,"ethanol"
4694,"ethanol, denatured"
4695,"ethanolamine oleate"
4696,"ethaverine hydrochloride"
4697,"ethchlorvynol"
4698,"ethinyl estradiol"
4699,"ethiodized oil"
4700,"ethionamide"
4701,"ethosuximide"
4702,"ethotoin"
4703,"ethyl chloride"
4704,"ethynodiol diacetate"
4705,"etidocaine hydrochloride"
4706,"etidronate disodium"
4707,"etodolac"
4708,"etomidate"
4709,"etoposide"
4710,"etoposide (as phosphate)"
4711,"etretinate"
4712,"famciclovir"
4713,"famotidine"
4714,"fat"
4715,"felbamate"
4716,"felodipine"
4717,"fenfluramine hydrochloride"
4718,"fenofibrate, micronized"
4719,"fenoldopam mesylate"
4720,"fenoprofen calcium"
4721,"fentanyl"
4722,"fentanyl citrate"
4723,"ferrous fumarate"
4724,"ferrous gluconate"
4725,"ferrous sulfate"
4726,"fexofenadine hydrochloride"
4727,"filgrastim"
4728,"finasteride"
4729,"flavoxate hydrochloride"
4730,"flecainide acetate"
4731,"floxuridine"
4732,"fluconazole"
4733,"flucytosine"
4734,"fludarabine phosphate"
4735,"fludrocortisone acetate"
4736,"flumazenil"
4737,"flunisolide"
4738,"fluocinolone acetonide"
4739,"fluocinonide"
4740,"fluorescein sodium"
4741,"fluoride"
4742,"fluoride (as sodium fluoride)"
4743,"fluoromethalone acetate"
4744,"fluoromethalone"
4745,"fluorouracil"
4746,"fluoxetine hydrochloride"
4747,"fluoxymesterone"
4748,"fluphenazine decanoate"
4749,"fluphenazine enanthate"
4750,"fluphenazine hydrochloride"
4751,"flurandrenolide"
4752,"flurazepam hydrochloride"
4753,"flurbiprofen"
4754,"flurbiprofen sodium"
4755,"flutamide"
4756,"fluticasone propionate"
4757,"fluvastatin sodium"
4758,"fluvoxamine maleate"
4759,"folic acid"
4760,"follicle stimulating hormone"
4761,"follicle stimulating hormone, recombinant"
4762,"fomepizole"
4763,"formaldehyde"
4764,"foscarnet sodium"
4765,"fosfomycin tromethamine"
4766,"fosinopril sodium"
4767,"fosphenytoin (as phenytoin equivalent)"
4768,"furazolidone"
4769,"furosemide"
4770,"gabapentin"
4771,"gadodiamide"
4772,"gadopentetate dimeglumine"
4773,"gadoteridol"
4774,"gallium nitrate"
4775,"ganciclovir"
4776,"ganciclovir sodium"
4777,"gemcitabine"
4778,"gemfibrozil"
4779,"gentamicin sulfate"
4780,"gentian violet"
4781,"glatiramer acetate"
4782,"glimepiride"
4783,"glipizide"
4784,"globulin, immune"
4785,"glucagon"
4786,"gluconate"
4787,"glucose"
4788,"glutamic acid"
4789,"glutathione disulfide"
4790,"glyburide"
4791,"glyburide micronized"
4792,"glycerin"
4793,"glycine"
4794,"glycopyrrolate"
4795,"gold sodium thiomalate"
4796,"gonadorelin acetate"
4797,"gonadorelin hydrochloride"
4798,"gonadotropin, chorionic"
4799,"goserelin acetate"
4800,"gramicidin"
4801,"granisetron hydrochloride"
4802,"grepafloxacin hydrochloride"
4803,"griseofulvin, microcrystalline"
4804,"griseofulvin, ultramicrocrystalline"
4805,"guaifenesin"
4806,"guanabenz acetate"
4807,"guanadrel sulfate"
4808,"guanethidine monosulfate"
4809,"guanfacine hydrochloride"
4810,"guanidine hydrochloride"
4811,"h influenzae type b"
4812,"haemophilus capsular oligosaccharide"
4813,"halazepam"
4814,"halcinonide"
4815,"halobetasol propionate"
4816,"haloperidol"
4817,"haloperidol decanoate"
4818,"haloperidol lactate"
4819,"haloprogin"
4820,"halothane"
4821,"heparin"
4822,"hepatitis A virus vaccine"
4823,"hepatitis B vaccine recombinant"
4824,"hepatitis b surface antigen"
4825,"hetastarch"
4826,"hexachlorophene"
4827,"histamine phosphate"
4828,"histoplasmin"
4829,"histrelin acetate"
4830,"homatropine hydrobromide"
4831,"homatropine methylbromide"
4832,"hyaluronidase"
4833,"hydralazine hydrochloride"
4834,"hydrochlorothiazide"
4835,"hydrocodone bitartrate"
4836,"hydrocodone polistirex"
4837,"hydrocortisone"
4838,"hydrocortisone acetate"
4839,"hydrocortisone buteprate"
4840,"hydrocortisone butyrate"
4841,"hydrocortisone cypionate"
4842,"hydrocortisone sodium phosphate"
4843,"hydrocortisone sodium succinate"
4844,"hydrocortisone valerate"
4845,"hydroflumethiazide"
4846,"hydrogen fluoride"
4847,"hydrogen peroxide"
4848,"hydromorphone hydrochloride"
4849,"hydroquinone"
4850,"hydroxocobalamin"
4851,"hydroxyamphetamine hydrobromide"
4852,"hydroxychloroquine"
4853,"hydroxyprogesterone caproate"
4854,"hydroxypropyl cellulose"
4855,"hydroxypropylmethylcellulose"
4856,"hydroxyurea"
4857,"hydroxyzine"
4858,"hydroxyzine hydrochloride"
4859,"hydroxyzine pamoate"
4860,"hyoscyamine"
4861,"hyoscyamine sulfate"
4862,"ibuprofen"
4863,"ibutilide fumarate"
4864,"ichthammol"
4865,"idarubicin hydrochloride"
4866,"idoxuridine"
4867,"ifosfamide"
4868,"imiglucerase"
4869,"imipenem"
4870,"imipramine hydrochloride"
4871,"imipramine pamoate"
4872,"imiquimod"
4873,"indapamide"
4874,"indigotindisulfonate sodium"
4875,"indinavir"
4876,"indocyanine green"
4877,"indomethacin"
4878,"indomethacin sodium trihydrate"
4879,"inositol"
4880,"insulin isophane"
4881,"insulin isophane pork"
4882,"insulin lispro"
4884,"insulin pork regular"
4885,"insulin regular"
4886,"insulin regular human recombinant"
4887,"insulin zinc"
4888,"insulin zinc ext human recombinant"
4889,"insulin zinc human recombinant"
4890,"insulin zinc pork purified"
4891,"interferon alfa-2a"
4892,"interferon alfa-2b"
4893,"interferon alfa-n3"
4894,"interferon alfacon-1"
4895,"interferon beta-1a"
4896,"interferon beta-1b"
4897,"interferon gamma-1b"
4898,"invert sugar"
4899,"iodamide meglumine"
4900,"iodine"
4901,"iodipamide meglumine"
4902,"iodixanol (as iodine)"
4903,"iodoquinol"
4904,"iohexol"
4905,"iopamidol"
4906,"iopanoic acid"
4907,"iopromide"
4908,"iothalamate meglumine"
4909,"ioversol"
4910,"ioxaglate meglumine"
4911,"ioxaglate sodium"
4912,"ipecac"
4913,"ipecac extract"
4914,"ipodate calcium"
4915,"ipodate sodium"
4916,"ipratropium bromide"
4917,"irbesartan"
4918,"irinotecan"
4919,"iron (as ferrous fumarate)"
4920,"iron (as ferrous sulfate)"
4921,"iron (as polysaccharide-iron complex)"
4922,"iron dextran"
4923,"isocarboxazid"
4924,"isoetharine hydrochloride"
4925,"isoetharine mesylate"
4926,"isoflurane"
4927,"isoflurophate"
4928,"isometheptene mucate"
4929,"isoniazid"
4930,"isopropyl alcohol"
4931,"isoproterenol hydrochloride"
4932,"isoproterenol sulfate"
4933,"isosorbide"
4934,"isosorbide dinitrate"
4935,"isosorbide mononitrate"
4936,"isosulfan blue"
4937,"isotretinoin"
4938,"isoxsuprine hydrochloride"
4939,"isradipine"
4940,"itraconazole"
4941,"ivermectin"
4942,"kanamycin sulfate"
4943,"kaolin"
4944,"ketamine hydrochloride"
4945,"ketoconazole"
4946,"ketoprofen"
4947,"ketorolac tromethamine"
4948,"l-alkaloids of belladonna"
4949,"l-hyoscyamine"
4950,"labetalol hydrochloride"
4951,"lactase"
4952,"lactate"
4953,"lactic acid"
4954,"lactobacillus acidophilus"
4955,"lactulose"
4956,"lamivudine"
4957,"lamotrigine"
4958,"lansoprazole"
4959,"latanoprost"
4960,"lecithin"
4961,"lemon bioflavonoid complex"
4962,"lepirudin (rDNA)"
4963,"letrozole"
4964,"leucovorin calcium"
4965,"leucovorin calcium hydrated"
4966,"leuprolide acetate"
4967,"levamisole hydrochloride"
4968,"levobunolol hydrochloride"
4969,"levocabastine hydrochloride"
4970,"levocarnitine"
4971,"levodopa"
4972,"levofloxacin"
4973,"levomethadyl acetate hydrochloride"
4974,"levonorgestrel"
4975,"levorphanol tartrate"
4976,"levothyroxine sodium"
4977,"lidocaine"
4978,"lidocaine hydrochloride"
4979,"lincomycin"
4980,"lincomycin hydrochloride"
4981,"lindane"
4982,"liothyronine sodium"
4983,"liotrix"
4984,"lipase"
4985,"lisinopril"
4986,"lithium carbonate"
4987,"lithium citrate"
4988,"liver concentrate"
4989,"lodoxamide tromethamine"
4990,"lomefloxacin hydrochloride"
4991,"lomustine"
4992,"loperamide hydrochloride"
4993,"loracarbef"
4994,"loratadine"
4995,"lorazepam"
4996,"losartan potassium"
4997,"loteprednol etabonate"
4998,"lovastatin"
4999,"loxapine hydrochloride"
5000,"loxapine succinate"
5001,"lymphocyte immune globulin"
5002,"lysine"
5003,"mafenide acetate"
5004,"magaldrate"
5005,"magnesium"
5006,"magnesium (as gluconate)"
5007,"magnesium (as magnesium chloride)"
5008,"magnesium carbonate"
5009,"magnesium chloride"
5010,"magnesium chloride hexahydrate"
5011,"magnesium citrate"
5012,"magnesium gluconate"
5013,"magnesium hydroxide"
5014,"magnesium lactate"
5015,"magnesium oxide"
5016,"magnesium salicylate"
5017,"magnesium sulfate"
5018,"magnesium trisilicate"
5019,"malt soup extract"
5020,"manganese chloride"
5021,"manganese sulfate"
5022,"mannitol"
5023,"maprotiline hydrochloride"
5024,"masoprocol"
5025,"mazindol"
5026,"mebendazole"
5027,"mecamylamine hydrochloride"
5028,"mechlorethamine hydrochloride"
5029,"meclizine hydrochloride"
5030,"meclocycline sulfosalicylate"
5031,"meclofenamate sodium"
5032,"medroxyprogesterone acetate"
5033,"medrysone"
5034,"mefenamic acid"
5035,"mefloquine hydrochloride"
5036,"megestrol acetate"
5037,"melatonin"
5038,"melphalan"
5039,"meningococcal polysaccharides A"
5040,"meningococcal polysaccharides C"
5041,"meningococcal polysaccharides W-135"
5042,"meningococcal polysaccharides Y"
5043,"menotropins"
5044,"menthol"
5045,"mepenzolate bromide"
5046,"meperidine hydrochloride"
5047,"mephentermine sulfate"
5048,"mephenytoin"
5049,"mephobarbital"
5050,"mepivacaine hydrochloride"
5051,"meprobamate"
5052,"mercaptopurine"
5053,"mercuric oxide (A.C.S., Reagent)"
5054,"mercuric oxide (purified)"
5055,"meropenem"
5056,"mesalamine"
5057,"mesna"
5058,"mesoridazine besylate"
5059,"mestranol"
5060,"metaproterenol sulfate"
5061,"metaraminol bitartrate"
5062,"metaxalone"
5063,"metformin hydrochloride"
5064,"methacholine chloride"
5065,"methadone hydrochloride"
5066,"methamphetamine hydrochloride"
5067,"methazolamide"
5068,"methdilazine hydrochloride"
5069,"methenamine"
5070,"methenamine hippurate"
5071,"methenamine mandelate"
5072,"methicillin sodium"
5073,"methimazole"
5074,"methionine"
5075,"methocarbamol"
5076,"methohexital sodium"
5077,"methotrexate sodium"
5078,"methotrimeprazine"
5079,"methoxamine hydrochloride"
5080,"methoxsalen"
5081,"methoxyflurane"
5082,"methscopolamine bromide"
5083,"methscopolamine nitrate"
5084,"methsuximide"
5085,"methyclothiazide"
5086,"methyl salicylate"
5087,"methylcellulose"
5088,"methyldopa"
5089,"methyldopate hydrochloride"
5090,"methylene blue"
5091,"methylergonovine maleate"
5092,"methylphenidate hydrochloride"
5093,"methylprednisolone"
5094,"methylprednisolone acetate"
5095,"methylprednisolone sodium succinate"
5096,"methyltestosterone"
5097,"methysergide maleate"
5098,"metipranolol"
5099,"metoclopramide hydrochloride"
5100,"metocurine iodide"
5101,"metolazone"
5102,"metoprolol succinate"
5103,"metoprolol tartrate"
5104,"metrizamide"
5105,"metronidazole"
5106,"metronidazole hydrochloride"
5107,"metyrapone"
5108,"metyrosine"
5109,"mexiletine hydrochloride"
5110,"mezlocillin sodium"
5111,"mibefradil"
5112,"miconazole"
5113,"miconazole nitrate"
5114,"midazolam hydrochloride"
5115,"midodrine hydrochloride"
5116,"milrinone lactate"
5117,"mineral oil"
5118,"minocycline hydrochloride"
5119,"minoxidil"
5120,"mirtazapine"
5121,"misoprostol"
5122,"mitomycin"
5123,"mitotane"
5124,"mitoxantrone hydrochloride"
5125,"mivacurium chloride"
5126,"moexipril hydrochloride"
5127,"molindone hydrochloride"
5128,"molybdenum"
5129,"mometasone furoate"
5130,"mometasone furoate monohydrate"
5131,"monobasic potassium phosphate"
5132,"monobasic sodium phosphate (monohydrate)"
5133,"monobenzone"
5134,"montelukast sodium"
5135,"moricizine hydrochloride"
5136,"morphine sulfate"
5137,"morrhuate sodium"
5138,"mupirocin"
5139,"mupirocin calcium"
5140,"muromonab-CD3"
5141,"mycophenolate mofetil"
5142,"nabumetone"
5143,"nadolol"
5144,"nafarelin acetate"
5145,"nafcillin sodium"
5146,"naftifine hydrochloride"
5147,"nalbuphine hydrochloride"
5148,"nalidixic acid"
5149,"nalmefene hydrochloride"
5150,"naloxone hydrochloride"
5151,"naltrexone"
5152,"nandrolone decanoate"
5153,"nandrolone phenpropionate"
5154,"naphazoline hydrochloride"
5155,"naproxen"
5156,"naproxen sodium"
5157,"naratriptan (as hydrochloride)"
5158,"natamycin"
5159,"nedocromil sodium"
5160,"nefazodone hydrochloride"
5161,"Neisseria meningitidis"
5162,"nelfinavir"
5163,"neomycin base (as neomycin sulfate)"
5164,"neomycin sulfate"
5165,"neostigmine bromide"
5166,"neostigmine methylsulfate"
5167,"netilmicin sulfate"
5168,"nevirapine"
5169,"niacin"
5170,"niacinamide"
5171,"nicardipine hydrochloride"
5172,"niclosamide"
5173,"nicotine"
5174,"nicotine polacrilex"
5175,"nifedipine"
5176,"nilutamide"
5177,"nimodipine"
5178,"nisoldipine"
5179,"nitrofurantoin"
5180,"nitrofurantoin monohydrate"
5181,"nitrofurantoin, macrocrystals"
5182,"nitrofurazone"
5183,"nitroglycerin"
5184,"nizatidine"
5185,"nonoxynol 9"
5186,"norepinephrine bitartrate"
5187,"norethindrone"
5188,"norethindrone acetate"
5189,"norfloxacin"
5190,"norgestimate"
5191,"norgestrel"
5192,"nortriptyline hydrochloride"
5193,"novobiocin sodium"
5194,"nystatin"
5195,"octoxynol"
5196,"octreotide acetate"
5197,"ofloxacin"
5198,"olanzapine"
5199,"olopatadine hydrochloride"
5200,"olsalazine sodium"
5201,"omeprazole"
5202,"ondansetron hydrochloride"
5203,"opium tincture"
5204,"opium, powdered"
5205,"oprelvekin"
5206,"orphenadrine citrate"
5207,"oxacillin sodium"
5208,"oxamniquine"
5209,"oxandrolone"
5210,"oxaprozin"
5211,"oxazepam"
5212,"oxiconazole nitrate"
5213,"oxtriphylline"
5214,"oxybutynin chloride"
5215,"oxychlorosene sodium"
5216,"oxycodone hydrochloride"
5217,"oxycodone terephthalate"
5218,"oxymetazoline hydrochloride"
5219,"oxymetholone"
5220,"oxymorphone hydrochloride"
5221,"oxytetracycline"
5222,"oxytetracycline hydrochloride"
5223,"oxytocin"
5224,"paclitaxel"
5225,"pamabrom"
5226,"pamidronate disodium"
5227,"pancreatin"
5228,"pancuronium bromide"
5229,"papain"
5230,"papaverine hydrochloride"
5231,"paraaminobenzoic acid"
5232,"paraldehyde"
5233,"paramethadione"
5234,"paricalcitol"
5235,"paromomycin sulfate"
5236,"paroxetine hydrochloride"
5237,"pectin"
5238,"pegademase bovine"
5239,"pegaspargase"
5240,"pemoline"
5241,"penbutolol sulfate"
5242,"penciclovir"
5243,"penicillamine"
5244,"penicillin G benzathine"
5245,"penicillin G potassium"
5246,"penicillin G procaine"
5247,"penicillin G sodium"
5248,"penicillin V potassium"
5249,"pentagastrin"
5250,"pentamidine isethionate"
5251,"pentazocine hydrochloride"
5252,"pentazocine lactate"
5253,"pentobarbital"
5254,"pentobarbital sodium"
5255,"pentosan polysulfate sodium"
5256,"pentostatin"
5257,"pentoxifylline"
5258,"pepsin"
5259,"pergolide mesylate"
5260,"permethrin"
5261,"perphenazine"
5262,"pertussis, acellular"
5263,"pertussis, whole cell"
5264,"petrolatum"
5265,"phenacemide"
5266,"phenazopyridine"
5267,"phenazopyridine hydrochloride"
5268,"phendimetrazine tartrate"
5269,"phenelzine sulfate"
5270,"phenindamine tartrate"
5271,"pheniramine maleate"
5272,"phenobarbital"
5273,"phenobarbital sodium"
5274,"phenol"
5275,"phenolphthalein"
5276,"phenoxybenzamine hydrochloride"
5277,"phensuximide"
5278,"phentermine hydrochloride"
5279,"phentermine resin"
5280,"phentolamine mesylate"
5281,"phenyl salicylate"
5282,"phenylephrine"
5283,"phenylephrine bitartrate"
5284,"phenylephrine hydrochloride"
5285,"phenylephrine tannate"
5286,"phenylpropanolamine"
5287,"phenylpropanolamine bitartrate"
5288,"phenylpropanolamine hydrochloride"
5289,"phenyltoloxamine"
5290,"phenyltoloxamine citrate"
5291,"phenyltoloxamine dihydrogen citrate"
5292,"phenytoin"
5293,"phenytoin sodium"
5294,"phosphate"
5295,"phosphorus"
5296,"physostigmine salicylate"
5297,"physostigmine sulfate"
5298,"phytonadione"
5299,"pilocarpine hydrochloride"
5300,"pilocarpine nitrate"
5301,"pimozide"
5302,"pindolol"
5303,"pipecuronium bromide"
5304,"piperacillin sodium"
5305,"piperazine hexahydrate (as citrate)"
5306,"piperonyl butoxide"
5307,"pirbuterol acetate"
5308,"piroxicam"
5309,"plasma protein fraction (human)"
5310,"plicamycin"
5311,"pneumococcal polysaccharides (23)"
5312,"podofilox"
5313,"podophyllum resin"
5314,"polycarbophil"
5315,"polycarbophil (as calcium carbophil)"
5316,"polyethylene glycol 3350"
5317,"polymyxin B"
5318,"polymyxin B sulfate"
5319,"polythiazide"
5320,"porfimer sodium"
5321,"potassium"
5322,"potassium acetate"
5323,"potassium acid phosphate"
5324,"potassium bicarbonate"
5325,"potassium bicarbonate/potassium citrate"
5326,"potassium chloride"
5327,"potassium chloride/potassium gluconate"
5328,"potassium citrate"
5329,"potassium citrate monohydrate"
5330,"potassium citrate/potassium gluconate"
5331,"potassium gluconate"
5332,"potassium guaiacolsulfonate"
5333,"potassium iodide"
5334,"potassium nitrate"
5335,"potassium para-aminobenzoate"
5336,"potassium perchlorate"
5337,"potassium phosphate"
5338,"povidone-iodine"
5339,"pralidoxime chloride"
5340,"pramipexole"
5341,"pramoxine"
5342,"pramoxine hydrochloride"
5343,"pravastatin sodium"
5344,"praziquantel"
5345,"prazosin hydrochloride"
5346,"prednicarbate"
5347,"prednisolone"
5348,"prednisolone acetate"
5349,"prednisolone sodium phosphate"
5350,"prednisolone tebutate"
5351,"prednisone"
5352,"prilocaine"
5353,"prilocaine hydrochloride"
5354,"primaquine phosphate"
5355,"primidone"
5356,"probenecid"
5357,"probucol"
5358,"procainamide hydrochloride"
5359,"procaine"
5360,"procarbazine hydrochloride"
5361,"prochlorperazine"
5362,"prochlorperazine edisylate"
5363,"prochlorperazine maleate"
5364,"procyclidine hydrochloride"
5365,"progesterone"
5366,"promazine hydrochloride"
5367,"promethazine hydrochloride"
5368,"propafenone hydrochloride"
5369,"propantheline bromide"
5370,"proparacaine hydrochloride"
5371,"propiomazine hydrochloride"
5372,"propofol"
5373,"propoxyphene hydrochloride"
5374,"propoxyphene napsylate"
5375,"propranolol hydrochloride"
5376,"propylthiouracil"
5377,"protamine sulfate"
5378,"protease"
5379,"proteolytic enzymes"
5380,"protirelin"
5381,"protriptyline hydrochloride"
5382,"pseudoephedrine"
5383,"pseudoephedrine hydrochloride"
5384,"pseudoephedrine sulfate"
5385,"pseudoephedrine tannate"
5386,"psyllium"
5387,"psyllium husk"
5388,"pyrantel base (as pyrantel pamoate)"
5389,"pyrantel pamoate"
5390,"pyrazinamide"
5391,"pyrethrins"
5392,"pyridostigmine bromide"
5393,"pyridoxine hydrochloride"
5394,"pyrilamine maleate"
5395,"pyrilamine tannate"
5396,"pyrimethamine"
5397,"pyrithione zinc"
5398,"quazepam"
5399,"quetiapine fumarate"
5400,"quinacrine HCl dihydrate"
5401,"quinapril hydrochloride"
5402,"quinidine gluconate"
5403,"quinidine polygalacturonate"
5404,"quinidine sulfate"
5405,"quinine sulfate"
5406,"rabies antigen"
5407,"rabies immune globulin (human)"
5408,"racepinephrine base"
5409,"racepinephrine hydrochloride"
5410,"raloxifene hydrochloride"
5411,"ramipril"
5412,"ranitidine bismuth citrate"
5413,"ranitidine hydrochloride"
5414,"rauwolfia serpentina"
5415,"remifentanil hydrochloride"
5416,"repaglinide"
5417,"reserpine"
5418,"resorcinol"
5419,"respiratory syncytial virus immunoglobulin"
5420,"reteplase"
5421,"ribavirin"
5422,"riboflavin"
5423,"rifabutin"
5424,"rifampin"
5425,"riluzole"
5426,"rimantadine hydrochloride"
5427,"rimexolone"
5428,"risedronate sodium"
5429,"risperidone"
5430,"ritodrine hydrochloride"
5431,"ritonavir"
5432,"rituximab"
5433,"rocuronium bromide"
5434,"ropinirole hydrochloride"
5435,"ropivacaine"
5436,"rose bengal"
5437,"s typhi (ty-2 strain)"
5438,"salicylamide"
5439,"salicylic acid"
5440,"salmeterol xinafoate"
5441,"salsalate"
5442,"saquinavir mesylate"
5443,"sargramostim"
5444,"scopolamine"
5445,"scopolamine hydrobromide"
5446,"secobarbital sodium"
5447,"secretin"
5448,"selegiline hydrochloride"
5449,"selenious acid"
5450,"selenium"
5451,"selenium sulfide"
5452,"senna"
5453,"senna concentrate"
5454,"senna equivalent"
5455,"sennosides"
5456,"sermorelin acetate"
5457,"sertraline hydrochloride"
5458,"shark liver oil"
5459,"sibutramine hydrochloride monohydrate"
5460,"sildenafil citrate"
5461,"silver nitrate"
5462,"silver protein mild"
5463,"silver sulfadiazine"
5464,"simethicone"
5465,"simvastatin"
5466,"sincalide"
5467,"sodium"
5468,"sodium acetate"
5469,"sodium acid phosphate"
5470,"sodium acid phosphate, monohydrate"
5471,"sodium ascorbate"
5472,"sodium benzoate"
5473,"sodium bicarbonate"
5474,"sodium biphosphate"
5475,"sodium borate"
5476,"sodium chloride"
5477,"sodium chloride, hypertonic"
5478,"sodium chondroitin sulfate"
5479,"sodium citrate"
5480,"sodium citrate dihydrate"
5481,"sodium dihydrogen phosphate monohydrate"
5482,"sodium fluoride"
5483,"sodium gluconate"
5484,"sodium hyaluronate"
5485,"sodium hypochlorite"
5486,"sodium iodide"
5487,"sodium lactate"
5488,"sodium nitrite"
5489,"sodium nitroprusside"
5490,"sodium phenylbutyrate"
5491,"sodium phosphate"
5492,"sodium polystyrene sulfonate"
5493,"sodium propionate"
5494,"sodium salicylate"
5495,"sodium sulfacetamide"
5496,"sodium sulfate"
5497,"sodium tetradecyl sulfate"
5498,"sodium thiosalicylate"
5499,"sodium thiosulfate"
5500,"somatrem"
5501,"somatropin"
5502,"sorbitol"
5503,"sotalol hydrochloride"
5504,"sparfloxacin"
5505,"spectinomycin hydrochloride"
5506,"spironolactone"
5507,"standardized enzyme lactase"
5508,"standardized senna concentrate"
5509,"stannous fluoride"
5510,"stanozolol"
5511,"starch"
5512,"stavudine"
5513,"streptokinase"
5514,"streptomycin sulfate"
5515,"streptozocin"
5516,"succimer"
5517,"succinylcholine chloride"
5518,"sucralfate"
5519,"sufentanil citrate"
5520,"sulbactam sodium"
5521,"sulconazole nitrate"
5522,"sulfabenzamide"
5523,"sulfadiazine"
5524,"sulfadoxine"
5525,"sulfamethizole"
5526,"sulfamethoxazole"
5527,"sulfanilamide"
5528,"sulfasalazine"
5529,"sulfathiazole"
5530,"sulfinpyrazone"
5531,"sulfisoxazole"
5532,"sulfisoxazole acetyl"
5533,"sulfisoxazole diolamine"
5534,"sulfur"
5535,"sulindac"
5536,"sumatriptan succinate"
5537,"suprofen"
5538,"tacrine hydrochloride"
5539,"tacrolimus"
5540,"tamoxifen citrate"
5541,"tamsulosin"
5542,"tazarotene"
5543,"tazobactam sodium"
5544,"temazepam"
5545,"teniposide"
5546,"terazosin hydrochloride"
5547,"terbinafine hydrochloride"
5548,"terbutaline sulfate"
5549,"terconazole"
5550,"terfenadine"
5551,"testolactone"
5552,"testosterone"
5553,"testosterone cypionate"
5554,"testosterone enanthate"
5555,"testosterone propionate"
5556,"tetanus"
5557,"tetanus immune globulin"
5558,"tetanus toxoid"
5559,"tetracaine"
5560,"tetracaine hydrochloride"
5561,"tetracycline hydrochloride"
5562,"tetrahydrozoline hydrochloride"
5563,"theophylline"
5564,"theophylline sodium glycinate"
5565,"thiabendazole"
5566,"thiamine hydrochloride"
5567,"thiethylperazine"
5568,"thimerosol"
5569,"thioguanine"
5570,"thiopental sodium"
5571,"thioridazine"
5572,"thioridazine hydrochloride"
5573,"thiotepa"
5574,"thiothixene"
5575,"thiothixene hydrochloride"
5576,"thonzonium bromide"
5577,"threonine"
5578,"thrombin"
5579,"thyroid"
5580,"tiagabine hydrochloride"
5581,"ticarcillin disodium"
5582,"ticlopidine hydrochloride"
5583,"tiludronate"
5584,"timolol hemihydrate"
5585,"timolol maleate"
5586,"tioconazole"
5587,"tiopronin"
5588,"tirofiban (as hydrochloride)"
5589,"tizanidine"
5590,"tobramycin"
5591,"tobramycin sulfate"
5592,"tocainide hydrochloride"
5593,"tolazamide"
5594,"tolazoline hydrochloride"
5595,"tolbutamide"
5596,"tolbutamide sodium"
5597,"tolcapone"
5598,"tolmetin sodium"
5599,"tolnaftate"
5600,"tolterodine tartrate"
5601,"topiramate"
5602,"topotecan hydrochloride"
5603,"toremifene citrate"
5604,"torsemide"
5605,"tramadol hydrochloride"
5606,"trandolapril"
5607,"tranexamic acid"
5608,"tranylcypromine sulfate"
5609,"trazodone hydrochloride"
5610,"tretinoin"
5611,"tretinoin microsphere"
5612,"triacetin"
5613,"triamcinolone"
5614,"triamcinolone acetonide"
5615,"triamcinolone diacetate"
5616,"triamcinolone hexacetonide"
5617,"triamterene"
5618,"triazolam"
5619,"trichlormethiazide"
5620,"trichloroacetic acid"
5621,"trichloromonfluoromethane"
5622,"triclosan"
5623,"trientine hydrochloride"
5624,"triethanolamine polypeptide oleate-condensate"
5625,"trifluoperazine hydrochloride"
5626,"triflupromazine hydrochloride"
5627,"trifluridine"
5628,"trihexyphenidyl hydrochloride"
5629,"trimeprazine tartrate"
5630,"trimethadione"
5631,"trimethaphan camsylate"
5632,"trimethobenzamide hydrochloride"
5633,"trimethoprim"
5634,"trimethoprim sulfate"
5635,"trimetrexate glucuronate"
5636,"trimipramine maleate"
5637,"trioxsalen"
5638,"tripelennamine hydrochloride"
5639,"triprolidine hydrochloride"
5640,"troglitazone"
5641,"trolamine salicylate"
5642,"trolandapril"
5643,"troleandomycin"
5644,"tromethamine"
5645,"tropicamide"
5646,"trovafloxacin mesylate"
5647,"trypsin"
5648,"tuberculin"
5649,"tubocurarine chloride"
5650,"tyloxapol"
5651,"typhoid Vi polysaccharide vaccine"
5652,"tyropanoate sodium"
5653,"undecylenate (undecylenic acid and zinc undecyl)"
5654,"undecylenic acid"
5655,"uracil mustard"
5656,"urea"
5657,"urofollitropin"
5658,"urokinase"
5659,"ursodiol"
5660,"valacyclovir hydrochloride"
5661,"valproate sodium"
5662,"valproic acid"
5663,"valsartan"
5664,"vancomycin hydrochloride"
5665,"varicella virus"
5666,"varicella-zoster immune globulin"
5667,"vasopressin"
5668,"vecuronium bromide"
5669,"venlafaxine hydrochloride"
5670,"verapamil hydrochloride"
5671,"vibrio cholerae (Inaba)"
5672,"vibrio cholerae (Ogawa)"
5673,"vidarabine"
5674,"vinblastine sulfate"
5675,"vincristine sulfate"
5676,"vinorelbine tartrate"
5677,"viscoelastic solution"
5678,"vitamin A"
5679,"vitamin A (as beta carotene)"
5680,"vitamin A palmitate"
5681,"vitamin B1"
5682,"vitamin B12"
5683,"vitamin B2"
5684,"vitamin B3"
5685,"vitamin B5"
5686,"vitamin B6"
5687,"vitamin C"
5688,"vitamin D"
5689,"vitamin E"
5690,"vitamin E (as d-alpha)"
5691,"vitamin E (as dl-alpha)"
5692,"vitamin E (as mixed tocopherols)"
5693,"warfarin sodium"
5694,"water, sterile"
5695,"water, sterile bacteriostatic"
5696,"witch hazel"
5697,"xylometazoline"
5698,"xylose"
5699,"yellow-fever virus"
5700,"yohimbine hydrochloride"
5701,"zafirlukast"
5702,"zalcitabine"
5703,"zidovudine"
5704,"zileuton"
5705,"zinc"
5706,"zinc acetate"
5707,"zinc chloride"
5708,"zinc gluconate"
5709,"zinc oxide"
5710,"zinc sulfate"
5711,"zinc undecylenate"
5712,"zolmitriptan"
5713,"zolpidem tartrate"
7397,"factor IX (human)"
7398,"factor IX complex, human"
7399,"fat emulsion"
7400,"anti-inhibitor coagulant complex"
7401,"desoxyribonuclease"
7402,"fibrinolysin"
7403,"fluorometholone"
7404,"hepatitis B immune globulin"
7405,"japanese encephalitis virus vaccine"
7406,"monoctanoin"
7407,"mumps skin test antigen"
7408,"measles virus vaccine"
7409,"colfosceril palmitate"
7410,"enflurane"
7411,"bcg, tice strain"
7412,"Rh0 (d) immune globulin"
7413,"staphage lysate (SPL)"
7414,"sevoflurane"
7415,"skin test antigens, multiple"
7416,"vitamin B complex"
7417,"influenza virus vaccine"
7418,"mumps virus vaccine, live"
7419,"rubella virus vaccine"
7420,"fluorometholone acetate"
7421,"diphtheria, pertussis, tetanus vaccine"
7422,"multiple vitamins"
7423,"polio vaccine, inactivated (monkey kidney)"
7424,"polio vaccine, oral live"
7425,"manganese"
7426,"diperodon hydrochloride"
7427,"d-gluconic acid"
7428,"quinacrine hydrochloride dihydrate"
7429,"rauwolfia"
7430,"aluminum sulfate"
7431,"sodium alginate"
7432,"saliva substitute"
7433,"vitamin E (as tocopherol acetate)"
7434,"omega-3 polyunsaturated fatty acids"
7435,"sodium carbonate (anhydrous)"
7436,"lanolin"
7437,"typhoid vaccine"
7438,"fish liver oil"
7439,"cod liver oil (vitamins A and D)"
7440,"pantothenic acid"
7441,"iron"
7442,"phosphorated carbohydrate solution"
7443,"iodides"
7444,"plague bacilli, killed"
7445,"candida albicans extract"
7446,"lactobacillus bulgaricus"
7447,"bacteriostats"
7448,"aspartame"
7449,"petrolatum, red"
7450,"cinoxate"
7451,"insulin nph human recombinant"
7452,"cysteine"
7453,"buffers"
7454,"alginic acid"
7455,"ocular lubricant ointment, unspecified"
7456,"ocular lubricant drops, unspecified, preserved"
7457,"ocular lubricant drops, unspecified, unpreserved"
7458,"multiple vitamins with minerals"
7459,"vitamin B complex with C"
7460,"vitamin B complex with C and iron"
7461,"vitamin B complex with C and zinc"
7462,"therapeutic multivitamins"
7463,"dextranomer"
7464,"multiple vitamins with iron and minerals, prenatal"
7465,"multiple vitamins with iron"
7466,"vitamins  A, C, and D"
7467,"iron with B12, C, folic acid, and intrinsic factor"
7468,"boron"
7469,"analgesic balm"
7470,"ophthalmic irrigation"
7471,"antioxidant vitamins with minerals"
7472,"emollients"
7473,"cleansers"
7474,"hydroxyethylcellulose"
7475,"lubricants"
7476,"medium chain triglycerides"
7477,"calcium hydroxide"
7478,"hylan polymers"
7479,"trichloromonofluoromethane"
7480,"neisseria menningitidis"
7481,"palivizumab"
7482,"iocetamic acid"
7483,"rifapentine"
7484,"rizatriptan (as benzoate)"
7485,"sacrosidase"
7486,"citalopram hydrobromide"
7487,"mangafodipir trisodium (anhydrous)"
7488,"thalidomide"
7489,"infliximab"
7490,"candesartan cilexitil"
7491,"leflunomide"
7492,"efavirenz"
7547,"mycophenolate mofetil hydrochloride"
7548,"hemin"
7549,"rotavirus vaccine, live, oral, tetravalent"
7550,"propylhexedrine"
7551,"l-desoxyephedrine"
7552,"valrubicin"
7553,"antivenin (micrurus fulvius)"
7554,"trastuzumab"
7618,"cyclophosphamide lyophilized"
7782,"copper gluconate"
7783,"sevelamer hydrochloride"
7786,"simethicone coated cellulose"
7788,"etanercept"
7789,"telmisartan"
7798,"sulfadiazine sodium"
7800,"tannic acid"
7801,"methyltestosterone (micronized)"
7802,"testosterone propionate (micronized)"
7803,"testosterone (micronized)"
7863,"follitropin alpha"
7864,"follitropin beta"
7865,"abacavir sulfate"
7866,"thyrotropin alpha"
7868,"iopromide (as iodine)"
7872,"celecoxib"
7873,"modafinil"
7874,"Lyme Disease vaccine (recombinant OspA)"
7877,"metronidazole benzoate"
7880,"saquinavir"
7888,"trovafloxacin (as mesylate)"
7889,"cilostazol"
7945,"miglitol"
7946,"fomivirsen sodium"
7957,"alitretinoin"
7958,"denileukin diftitox"
7975,"sodium ferric gluconate complex"
7976,"ferumoxides"
7979,"pentastarch"
7980,"liver derivative complex"
8000,"glucagon (rDNA)"
8036,"Monascus purpureus West"
8043,"levalbuterol (as levalbuterol hydrochloride)"
8049,"hypericin"
8050,"St. John's wort"
8055,"viable S. typhi"
8056,"nonviable S. typhi"
8067,"amprenavir"
8088,"orlistat"
8090,"synthetic conjugated estrogens, A"
8097,"glucosamine hydrochloride"
8100,"cefamandole nafate"
8219,"elemental iron (as carbonyl iron)"
8220,"rofecoxib"
8221,"rosiglitazone maleate"
8230,"doxercalciferol"
8231,"malathion"
8245,"perindopril erbumine"
8247,"ketotifen fumarate"
8249,"ketotifen (as ketotifen fumarate)"
8255,"allopurinol sodium"
8256,"allopurinol sodium (as allopurinol)"
8258,"pioglitazone hydrochloride"
8261,"zanamivir"
8263,"beclomethasone dipropionate monohydrate"
8269,"progesterone, micronized"
8272,"interferon alfa-n1, lymphoblastoid"
8280,"ganirelix acetate"
8288,"zaleplon"
8289,"levobupivacaine"
8290,"temozolomide"
8291,"rapacuronium bromide"
8292,"rabeprazole sodium"
8294,"calfactant"
8296,"eprosartan mesylate"
8299,"quinupristin"
8300,"dalfopristin"
8302,"epirubicin hydrochloride"
8303,"sirolimus"
8304,"pemirolast potassium"
8475,"oseltamivir phosphate"
8476,"dofetilide"
8477,"entacapone"
8478,"exemestane"
8480,"delavirdine mesylate"
8499,"poractant alfa"
8574,"levetiracetam"
8580,"moxifloxacin hydrochloride"
8581,"aminolevulinic acid hydrochloride"
8587,"gatifloxacin"
8589,"gatifloxacin (as gatifloxacin sesquihydrate)"
8598,"dexmedetomidine hydrochloride"
8601,"ciclopirox"
8602,"17 beta-estradiol"
8603,"insulin lispro protamine"
8604,"bexarotene"
8631,"oxcarbazepine"
8641,"cevimeline (as cevimeline hydrochloride)"
8654,"pantoprazole (as pantoprazole sodium sesquihydrate)"
8672,"alosetron (as alosetron hydrochloride)"
8730,"gadoversetamide"
8731,"levobetaxolol hydrochloride"
8732,"mequinol"
8736,"pneumococcal 7-valent conjugate"
8739,"Staphylococcus aureus"
8740,"Streptococcus (viridans and non-hemolytic)"
8741,"Streptococcus (Diplococcus) pneumoniae"
8742,"Branhamella (Neisseria) catarrhalis"
8743,"Klebsiella pneumoniae"
8744,"Haemophilus influenzae"
8763,"leuprolide (as leuprolide acetate)"
8781,"zonisamide"
8796,"gold"
8839,"meloxicam"
8840,"linezolid"
8841,"verteporfin"
8887,"rivastigmine (as rivastigmine tatrate)"
8888,"insulin glargine"
8898,"gemtuzumab ozogamicin"
8899,"azelastine hydrochloride"
11779,"aldioxa"
11786,"amoxicillin"
11810,"betaine"
11833,"brilliant green"
11892,"capsicum"
11960,"d-alpha tocopherol"
12022,"estradiol benzoate"
12023,"estradiol-17b"
12032,"fenofibrate"
12129,"irinotecan hydrochloride"
12261,"methotrexate"
12417,"procaine hydrochloride"
12419,"proflavine hemisulfate"
12492,"sodium phosphate dibasic"
12509,"sulfacetamide sodium"
14782,"articaine hydrochloride"
14807,"brimonidine tartrate"
14815,"butenafine hydrochloride"
14871,"capsicum oleoresin"
14872,"carbetapentane citrate"
14979,"dibucaine hydrochloride"
15004,"donepezil hydrochloride"
15056,"formoterol fumarate"
15062,"ginger"
15077,"hexylresorcinol"
15320,"pitcher plant"
15471,"tinzaparin sodium"
15490,"ubidecarenone"
15493,"valerian"
15635,"colesevelam"
15636,"insulin aspart"
15637,"tenecteplase"
15638,"triptorelin (as triptorelin pamoate)"
15641,"balsalazide disodium"
15642,"argatroban"
15655,"eflornithine hydrochloride"
15669,"proguanil hydrochloride"
15670,"fludeoxyglucose F18"
15671,"cetrorelix acetate"
15675,"n-docosanol"
15676,"vitamin D3"
15677,"vitamin K1"
15695,"unoprostone isopropyl"
15774,"lopinavir"
15775,"mifepristone"
15777,"choriogonadotropin alpha"
15778,"nabilone"
15786,"coagulation factor viia"
15787,"arsenic trioxide"
15814,"iron sucrose"
15839,"zoledronic acid"
15864,"botulinum toxin type b"
15875,"nateglinide"
15879,"bivalirudin"
15887,"peginterferon alfa-2b"
15896,"caspofungin acetate"
15897,"ziprasidone hydrochloride monohydrate"
15913,"galantamine hydrobromide"
15914,"esomeprazole (as magnesium trihydrate)"
15936,"travoprost"
15937,"bimatoprost"
15960,"valganciclovir (as hydrochloride)"
16025,"alemtuzumab"
16028,"almotriptan (as almotriptan malate)"
16030,"imatinib (as imatinib mesylate)"
16073,"drospirenone"
16093,"inamrinone lactate"
16114,"nesiritide"
16137,"cefditoren pivoxil"
16166,"estradiol (as 17 beta-estradiol hemihydrate)"
16174,"darbepoetin alfa"
16180,"etnogestrel"
16189,"etonogestrel"
16193,"tenofovir disoproxil fumarate"
16200,"anakinra"
16207,"frovatriptan succinate"
16208,"dexmethylphenidate hydrochloride"
16209,"norelgestromin"
16210,"valdecoxib"
16212,"drotrecogin alfa (activated), lyophilized"
16217,"bosentan"
16218,"ertapenem sodium"
16235,"pimecrolimus"
16243,"desloratadine"
16268,"fondaparinux"
16302,"dutasteride"
16303,"nitisinone"
16343,"pegfilgrastim"
16500,"perflutren"
16516,"prednisolone (as sodium phosphate)"
16517,"alfuzosin hydrochloride"
16535,"calcium (as citrate)"
16538,"saquinavir (as mesylate)"
16599,"synthetic secretin"
16618,"fulvestrant"
16642,"olmesartan medoxomil"
16706,"treprostinil sodium"
16711,"voriconazole"
16731,"ciclopirox (as olamine)"
16743,"mangafodipir trisodium"
16791,"ziprasidone mesylate"
16840,"sodium oxybate"
16841,"rasburicase"
16842,"tegaserod maleate"
16916,"oxaliplatin"
16927,"escitalopram oxalate"
16929,"horse chestnut seed extract"
16958,"adefovir dipivoxil"
16969,"eplerenone"
16979,"dexchlorpheniramine tannate"
16980,"dextromethorphan tannate"
16990,"glucosamine sulfate"
17012,"peginterferon alfa-2a"
17014,"talc, sterile"
17026,"ezetimibe"
17034,"aripiprazole"
17039,"divalproex sodium (as valproic acid)"
17040,"nitazoxanide"
17041,"teriparatide"
17042,"atomoxetine hydrochloride"
17045,"tiotropium"
17054,"smallpox vaccine, live, dry"
17070,"cytarabine liposomal"
17071,"adalimumab"
17093,"caffeine anhydrous"
17095,"insulin aspart protamine"
17106,"fibrinolysis inhibitor"
17107,"sealer protein concentrate"
17110,"halofantrine hydrochloride"
17114,"alefacept"
17128,"ibritumomab tiuxetan"
17140,"inulin"
17144,"eletriptan as hydrobromide"
17146,"rosuvastatin"
17173,"estradiol acetate"
17174,"pegvisomant"
17175,"enfuvirtide"
17180,"aprepitant"
17186,"botulism antitoxin type A"
17187,"botulism antitoxin type B"
17192,"anthrax vaccine adsorbed"
17207,"ceftazidime (as L-arginine)"
17216,"gemifloxacin mesylate"
17229,"diphenhydramine tannate"
17230,"desirudin"
17231,"agalsidase beta"
17244,"estropipate (as sodium estrone sulfate)"
17247,"laronidase"
17257,"gefitinib"
17263,"bortezomib"
17268,"hydrocortisone probutate"
17315,"levmetamfetamine"
17379,"omalizumab"
17380,"atazanavir sulfate"
17421,"emtricitabine"
17422,"tositumomab"
17426,"iodine I 131 tositumomab"
17479,"nitric oxide"
17493,"palonosetron (as hydrochloride)"
17531,"miglustat"
17536,"rosuvastatin calcium"
17537,"influenza virus vaccine, live"
17542,"Factor IX complex, purified"
17543,"Factor IX complex, recombinant"
17547,"brompheniramine tannate"
17549,"vardenafil hydrochloride"
17565,"daptomycin"
17580,"tadalafil"
17635,"memantine hydrochloride"
17645,"epinastine hydrochloride"
17646,"fosamprenavir calcium"
17649,"efalizumab"
17660,"carbinoxamine tannate"
17676,"dichlorotetrafluorethane"
17679,"abarelix"
17684,"pentafluoropropane"
17685,"tetrafluoroethane"
17708,"sertaconazole nitrate"
17711,"fluoxetine"
17720,"ampicillin trihydrate"
17758,"trospium chloride"
17775,"tinidazole"
17779,"telithromycin"
17781,"acamprosate calcium"
17790,"apomorphine hydrochloride"
17813,"5-hydroxytryptophan"
17856,"pemetrexed"
17947,"cetuximab"
18086,"bevacizumab"
18123,"lutropin alfa"
18132,"mycophenolic acid"
18133,"cinacalcet hydrochloride"
18314,"hyaluronan"
18339,"paroxetine mesylate"
18517,"levocetirizine dihydrochloride"
18596,"insulin glulisine"
18639,"azacitidine"
18641,"rifaximin"
18643,"morphine liposomal"
18704,"botulism antitoxin"
18746,"cephalexin (as monohydrate)"
18760,"duloxetine hydrochloride"
18766,"dextromethorphan polistirex"
18779,"ibandronic acid (as ibandronate monosodium monohydrate)"
18791,"pentetate calcium trisodium"
18792,"pentetate zinc trisodium"
18847,"levonordefrin hydrochloride"
18938,"fondaparinux sodium"
18979,"lanthanum carbonate"
19073,"erlotinib"
19082,"solifenacin succinate"
19083,"natalizumab"
19097,"palifermin"
19103,"synthetic porcine secretin"
19105,"synthetic human secretin"
19106,"pegaptanib sodium"
19107,"eszopiclone"
19114,"darifenacin"
19115,"ziconotide acetate"
19116,"clofarabine"
19138,"iloprost"
19175,"paclitaxel protein-bound"
19178,"gadobenate dimeglumine"
19197,"ropivacaine hydrochloride"
19204,"meningococcal polysaccharide"
19205,"meningococcal conjugate"
19221,"glucosamine"
19222,"chondroitin"
19233,"esomeprazole (as sodium)"
19234,"insulin detemir"
19292,"sodium phenylacetate"
19304,"povidone"
19447,"alpha-D-galactosidase"
19567,"micafungin sodium"
19568,"pramlintide acetate"
19649,"pregabalin"
19664,"perflexane"
19722,"entecavir"
19728,"icodextrin"
19743,"pseudoephedrine polistirex (as hydrochloride equivalent)"
19744,"chlorpheniramine polacrilex (as maleate equivalent)"
19801,"pramlintide (as acetate)"
19806,"trichophyton"
19812,"exenatide"
20134,"trypan blue"
20159,"elemental iron"
20166,"tigecycline"
20182,"tipranavir"
20324,"ramelteon"
20358,"electrolytes"
20402,"levalbuterol (as levalbuterol tartrate)"
20417,"rasagiline (as mesylate)"
20483,"iron (as iron protein succinylate)"
20485,"nepafenac"
20500,"galsulfase"
20506,"mecasermin"
20509,"lactobacillus rhamnosus GG"
20522,"garlic"
20543,"saccharomyces boulardii lyo"
20550,"albuterol (as albuterol sulfate)"
20569,"ferric subsulfate"
20581,"essential fatty acids"
20600,"naltrexone hydrochloride"
20608,"nelarabine"
20613,"tamoxifen (as tamoxifen citrate)"
20617,"m-cresyl acetate"
20634,"hyoscyamine hydrobromide"
20642,"tamsulosin hydrochloride"
20643,"deferasirox"
20652,"hydroxyquinoline sulfate"
20674,"calcium gluceptate dihydrate"
20675,"chondroitin sulfate sodium"
20676,"dehydroepiandrosterone"
20677,"ammonium molybdate tetrahydrate"
20678,"hydrocodone tannate"
20707,"chloramphenicol palmitate"
20708,"hydrocortisone hemisuccinate"
20709,"pilocarpine"
20713,"fluorescein"
20714,"carbetapentane citrate (as tannate)"
20715,"pseudoephedrine hydrochloride (as tannate)"
20791,"iron polysaccharide complex"
20792,"sorafenib"
20793,"mecasermin rinfabate"
20795,"abatacept"
20816,"lenalidomide"
20826,"conivaptan hydrochloride"
20861,"methylsulfonylmethane"
20862,"ascorbic acid and minerals"
20864,"chondroitin sulfate"
20930,"sunitinib maleate"
20936,"ranolazine"
20978,"gallium citrate Ga-67"
20989,"indium pentetate In-111"
20992,"sodium chromate Cr-51"
20994,"sodium iodide I-131"
21008,"indium chloride In-111"
21010,"indium oxyquinoline In-111"
21012,"sunitinib (as maleate)"
21013,"sodium iodide I-123"
21067,"lubiprostone"
21133,"Brewer's yeast"
21144,"saw palmetto"
21145,"folate"
21218,"anidulafungin"
21221,"hydrocodone bitartrate (as hydrocodone tannate)"
21222,"chlorpheniramine maleate (as chlorpheniramine tannate)"
21233,"chlorpheniramine maleate (as tannate)"
21234,"phenylephrine hydrochloride (as tannate)"
21238,"selegiline"
21266,"insulin human, rDNA origin"
21273,"l-methylfolate"
21278,"CIP-fenofibrate"
21336,"anti-thymocyte globulin (rabbit)"
21354,"alglucosidase alfa"
21366,"decitabine"
21378,"synthetic conjugated estrogens, B"
21389,"minocycline (as hydrochloride)"
21404,"varenicline (as tartrate)"
21415,"carbon dioxide"
21417,"potassium bitartrate"
21429,"zoster vaccine live"
21502,"doxycycline"
21531,"human papillomavirus"
21542,"ibuprofen (as l-lysine)"
21564,"salmeterol (as salmeterol xinafoate)"
21619,"darunavir (as ethanolate)"
21625,"protein C"
21645,"iron oxide, silicone coated (as iron)"
21648,"dasatinib"
21653,"chromic phosphate P-32"
21654,"samarium sm 153 lexidronam pentasodium"
21661,"strontium chloride sr 89"
21678,"ranibizumab"
21751,"rotigotine"
21768,"posaconazole"
21811,"idursulfase"
21814,"citalopram (as citalopram hydrobromide)"
21815,"fluoride (as stannous fluoride)"
22065,"magnesium salicylate tetrahydrate"
22114,"guar gum"
22168,"von Willebrand factor"
22205,"panitumumab"
22250,"chlorophyllin"
22259,"vorinostat"
22262,"arformoterol (as arformoterol tartrate)"
22317,"sitagliptin (as phosphate)"
22339,"carvedilol phosphate"
22372,"telbivudine"
22453,"milk thistle"
22454,"flax"
22455,"cranberry"
22456,"echinacea"
22457,"black cohosh"
22458,"Factor IX, recombinant"
22467,"ginkgo biloba"
22468,"evening primrose"
22615,"kunecatechins"
22696,"magnesium-L-aspartate"
22700,"primorine"
22867,"iron with B12, C and intrinsic factor"
22951,"tizanidine hydrochloride"
22952,"indium pentetreotide In-111"
22953,"iodine (as ioxilan)"
23004,"paliperidone"
23092,"wheat dextrin"
23370,"pramipexole dihydrochloride"
23373,"diclofenac epolamine"
23416,"alpha-lipoic acid"
23417,"benfotiamine"
23418,"strontium gluconate"
23470,"lactated ringers"
23471,"lisdexamfetamine dimesylate"
23506,"Prussian blue, insoluble"
23512,"aliskiren"
23513,"dexbrompheniramine tannate"
23530,"lapatinib ditosylate monohydrate (as lapatinib)"
23533,"eculizumab"
23539,"tannate"
23649,"sitagliptin"
23817,"retapamulin"
23848,"fluticasone furoate"
23879,"bismuth subcitrate potassium"
23891,"magnesium (as magnesium oxide)"
23892,"calcium (as glycerophosphate)"
23908,"temsirolimus"
23923,"tocopherols"
23924,"tocotrienols"
23931,"triprolidine tannate"
